file,date,mountain,title,cafe_url
2026-09-22 황금동-기장곰장어.gpx,2026-09-22,17:01:09,,
2026-09-16 고모산성.오미자터널__20260916_1500.gpx,2026-09-16,고모산성.오미자터널,,
2026-09-16 새재__20260916_1040.gpx,2026-09-16,새재,,
2026-09-12 13-14__20260912_0931.gpx,2026-09-12,13-14,"속리산둘레길 13구간, 14구간 일부, 견훤의 성에서 가을을 만나다",https://cafe.daum.net/woosengzlsamo/FTSV/24
속리산둘레길/실제/속둘13-14_20260912.gpx,2026-09-12,속둘13-14,"속리산둘레길 13구간, 14구간 일부, 견훤의 성에서 가을을 만나다",https://cafe.daum.net/woosengzlsamo/FTSV/24
2026-09-02 중산리계곡__20260902_1050.gpx,2026-09-02,중산리계곡,"두리마루 숲길에서, 노년의 지혜",https://cafe.daum.net/woosengzlsamo/FSZF/183
2026-09-02 촉석루__20260902_1519.gpx,2026-09-02,촉석루,"두리마루 숲길에서, 노년의 지혜",https://cafe.daum.net/woosengzlsamo/FSZF/183
2026-08-29 연호산__20260829_1002.gpx,2026-08-29,연호산,,
2026-08-19 범어공원-정육_20260819.gpx,2026-08-19,정육가든,,
2026-08-13 두물머리_20260813.gpx,2026-08-13,세미원,"원행 트레킹(양평, 여주)",https://cafe.daum.net/woosengzlsamo/8I5j/672
2026-08-13 여주 출렁_20260813.gpx,2026-08-13,여주 신륵사,"원행 트레킹(양평, 여주)",https://cafe.daum.net/woosengzlsamo/8I5j/672
2026-08-08 속둘12코스__20260808_0921.gpx,2026-08-08,속둘12코스,"◆ 속리산둘레길 12구간, 비치재넘는길",https://cafe.daum.net/woosengzlsamo/FVOW/12
속리산둘레길/실제/속둘 12_20260808.gpx,2026-08-08,12코스,"◆ 속리산둘레길 12구간, 비치재넘는길",https://cafe.daum.net/woosengzlsamo/FVOW/12
2026-08-05 옥류동천__20260805_0953.gpx,2026-08-05,옥류동천,,
2026-08-05 표충사 옥류동천__20260805_0953.gpx,2026-08-05,표충사 옥류동천,,
2026-07-23 학산.어물전__20260723_1014.gpx,2026-07-23,학산.어물전,"7월 2차 산책, 틈의 미학",https://cafe.daum.net/woosengzlsamo/8I5j/671
2026-07-15 칠선계곡__20260715_1050.gpx,2026-07-15,칠선계곡,"7월 3주 산책 단상, 일배 노 감별법",https://cafe.daum.net/woosengzlsamo/FSZF/180
속리산둘레길/실제/속둘 11~15_20260711.gpx,2026-07-11,속둘 11~15,속리산 둘레길 11구간 ＜수리봉 구름길＞ 그 어떤 정상석보다 값진 완주의 증표,https://cafe.daum.net/woosengzlsamo/FVOW/11
2026-07-09 형봉 신호등__20260709_1007.gpx,2026-07-09,형봉 신호등,"악수, 진심 어린 존중",https://cafe.daum.net/woosengzlsamo/8I5j/670
2026-07-01 칠갑산__20260701_1035.gpx,2026-07-01,칠갑산,2026 대구치맥페스티벌,https://cafe.daum.net/woosengzlsamo/FSZF/179
2026-06-27 서문~파리봉__20260627_0939.gpx,2026-06-27,서봉~파리봉,"금정산 거대 암봉, 상계봉과 파리봉에서",https://cafe.daum.net/woosengzlsamo/FSZF/178
2026-06-25 토성-파동__20260625_0958.gpx,2026-06-25,토성-파동,"6월 2차 산책 단상 ＜소금, 죽음보다 쓰고 삶보다 달다＞",https://cafe.daum.net/woosengzlsamo/8I5j/669
2026-06-25 파동__20260625_0958.gpx,2026-06-25,파동,"6월 2차 산책 단상 ＜소금, 죽음보다 쓰고 삶보다 달다＞",https://cafe.daum.net/woosengzlsamo/8I5j/669
남파랑길/실제/남파랑 44_20260621.gpx,2026-06-21,남파랑 44,"남파랑길 44코스, 세 친구의 팔도 유람기 제82화",https://cafe.daum.net/woosengzlsamo/FUqQ/32
속리산둘레길/실제/속둘 10_20260613.gpx,2026-06-13,속둘 10,"속리산 둘레길 10구간, 견훤이 제왕의 꿈을 키운 희양산 아래서",https://cafe.daum.net/woosengzlsamo/FVOW/10
2026-06-11 범어공원__20260611_0954.gpx,2026-06-11,범어공원,AI가 도대체 인간이 지구에 왜 있어야 하는데? 라고 묻는다면,https://cafe.daum.net/woosengzlsamo/8I5j/668
남파랑길/실제/남파랑 46역_20260607.gpx,2026-06-07,남파랑 46역,"남파랑길 46코스, 그날의 노량, 오늘의 걸음",https://cafe.daum.net/woosengzlsamo/FUqQ/31
2026-06-06 금정산 파리봉__20260606_0934.gpx,2026-06-06,금정산 파리봉,"남파랑길 46코스, 그날의 노량, 오늘의 걸음",https://cafe.daum.net/woosengzlsamo/FUqQ/31
2026-06-06 파리봉__20260606_0934.gpx,2026-06-06,파리봉,"남파랑길 46코스, 그날의 노량, 오늘의 걸음",https://cafe.daum.net/woosengzlsamo/FUqQ/31
2026-06-04 협곡열차__20260604_1100.gpx,2026-06-04,협곡열차,,
2026-06-01 고헌산__20260601_1008.gpx,2026-06-01,고헌산,"남파랑길 43 코스, 척박한 비탈에 돌을 쌓고 흙을 일구어 삶의 터전을 만들어 낸 사람들",https://cafe.daum.net/woosengzlsamo/FUqQ/30
남파랑길/실제/남파랑 43_20260531.gpx,2026-05-31,남파랑 43,"남파랑길 43 코스, 척박한 비탈에 돌을 쌓고 흙을 일구어 삶의 터전을 만들어 낸 사람들",https://cafe.daum.net/woosengzlsamo/FUqQ/30
2026-05-30 장암사__20260530_1022.gpx,2026-05-30,장암사,"남파랑길 43 코스, 척박한 비탈에 돌을 쌓고 흙을 일구어 삶의 터전을 만들어 낸 사람들",https://cafe.daum.net/woosengzlsamo/FUqQ/30
2026-05-28  까꾸리-청계사.gpx,2026-05-28,10:16:53,"청계사에서, 윤회라는 말이 남긴 혼란",https://cafe.daum.net/woosengzlsamo/8I5j/667
2026-05-25 국망봉__20260525_1107.gpx,2026-05-25,국망봉,,
남파랑길/실제/남파랑 42_20260517.gpx,2026-05-17,남파랑 42,"남파랑길 42 코스, 가천다랭이마을",https://cafe.daum.net/woosengzlsamo/FUqQ/29
2026-05-16 간송 - 청계사.gpx,2026-05-16,청계사,"청계사에서, 윤회라는 말이 남긴 혼란",https://cafe.daum.net/woosengzlsamo/8I5j/667
2026-05-14 낙동강역사너울길__20260514_0925.gpx,2026-05-14,낙동강역사너울길,"5월 1차 산책, 낙동강 역사 너울길",https://cafe.daum.net/woosengzlsamo/8I5j/666
속리산둘레길/실제/속둘 09_20260509.gpx,2026-05-09,속둘 09,속리산 둘레길 9구간 [백두대간 이음길],https://cafe.daum.net/woosengzlsamo/FVOW/9
2026-05-07 간월신불__20260507_0844.gpx,2026-05-06,간월신불,,
2026-04-25 생활체육대축전__20260425_1046.gpx,2026-04-25,생활체육대축전,,
2026-04-23 103426_수목원.gpx,2026-04-23,10:34:26,"4월 2차 산책 - 수벽 환영, 백암 축하",https://cafe.daum.net/woosengzlsamo/8I5j/665
2026-04-22 파래소 영축산__20260422_0810.gpx,2026-04-21,파래소 영축산,"4월 2차 산책 - 수벽 환영, 백암 축하",https://cafe.daum.net/woosengzlsamo/8I5j/665
남파랑길/실제/남파랑 41_20260419.gpx,2026-04-19,남파랑 41,"남파랑길 41코스, 끝까지 가지 못한 길이 오히려 더 오래 남는다",https://cafe.daum.net/woosengzlsamo/FUqQ/28
2026-04-18 화명생태공원__20260418_1204.gpx,2026-04-18,화명생태공원,"남파랑길 41코스, 끝까지 가지 못한 길이 오히려 더 오래 남는다",https://cafe.daum.net/woosengzlsamo/FUqQ/28
속리산둘레길/실제/속둘 08_20260411.gpx,2026-04-11,속둘 08_20260411.gpx,"4월 봄빛 따라 걸은 속리산둘레길 8구간, 쌍천과 백두대간의 여유를 품다",https://cafe.daum.net/woosengzlsamo/FVOW/8
남파랑길/실제/남파랑 39-40_20260405.gpx,2026-04-05,남파랑 39-40,"남파랑길 39, 40코스",https://cafe.daum.net/woosengzlsamo/FUqQ/27
2026-04-03 가지산__20260403_0915.gpx,2026-04-03,가지산,"남파랑길 39, 40코스",https://cafe.daum.net/woosengzlsamo/FUqQ/27
2026-04-01대금산__20260401_1108.gpx,2026-04-01,대금산,,
남파랑길/실제/남파랑 37-38_20260329.gpx,2026-03-29,남파랑 37-38,남파랑길 37코스 일부 38코스,https://cafe.daum.net/woosengzlsamo/FUqQ/26
2026-03-28 _83두류타워.gpx,2026-03-28,10:08:09,두류산 산책,https://cafe.daum.net/woosengzlsamo/FSZF/174
2026-03-22 운문산__20260322_0802.gpx,2026-03-21,운문산,,
2026-03-18 대원사지__20260318_1455.gpx,2026-03-18,대원사치,,
2026-03-18 악어봉__20260318_1057.gpx,2026-03-18,악어봉,,
남파랑길/실제/남파랑 35-36_20260315.gpx,2026-03-15,남파랑 35-36,"남파랑길 35일부, 36코스 – 친구의 빈 자리",https://cafe.daum.net/woosengzlsamo/FUqQ/25
속리산둘레길/실제/속둘 07_20260314.gpx,2026-03-14,속둘7구간,속리산 둘레길 괴산길 7구간 산막이옛길,https://cafe.daum.net/woosengzlsamo/FVOW/7
2026-03-12 밀양아리랑잔도__20260312_1006.gpx,2026-03-12,밀양아리랑잔도,"밀양 아리랑 잔도, 밀양강은 말없이 흐르고",https://cafe.daum.net/woosengzlsamo/8I5j/663
2026-03-08 102228_송봉.gpx,2026-03-08,10:22:28,"3월 1차 산책 단상, 지조를 지켜 이름을 남긴 자, 오명을 쓰고도 백성의 길을 닦은 자의 무게",https://cafe.daum.net/woosengzlsamo/FSZF/173
2026-03-07 육신사__20260307_1027.gpx,2026-03-07,육신사,"3월 1차 산책 단상, 지조를 지켜 이름을 남긴 자, 오명을 쓰고도 백성의 길을 닦은 자의 무게",https://cafe.daum.net/woosengzlsamo/FSZF/173
2026-03-04 달음산__20260304_1038.gpx,2026-03-04,달음산,,
남파랑길/실제/남파랑 33~34_20260228.gpx,2026-02-28,남파랑 33~34,"남파랑길 33, 34코스, 상족암군립공원",https://cafe.daum.net/woosengzlsamo/FUqQ/24
2026-02-27 천황산__20260227_0839.gpx,2026-02-26,천황산,"2월 2차 산책, 부림의 팔순에",https://cafe.daum.net/woosengzlsamo/8I5j/662
2026-02-21 동화사__20260221_1006.gpx,2026-02-21,동화사,"2월 3주 산책, 팔공산에는 석가봉이 없다.",https://cafe.daum.net/woosengzlsamo/FSZF/172
속리산둘레길/실제/속둘 06_20260214.gpx,2026-02-14,속둘6,"속리산둘레길 6구간, 용오름길",https://cafe.daum.net/woosengzlsamo/FVOW/6
2026-02-12 안산__20260212_1007.gpx,2026-02-12,안산,"2월 1차 산책, 안산, 잠산 ＜참석과 참가, 말의 자리를 생각하다＞",https://cafe.daum.net/woosengzlsamo/8I5j/661
2026-02-01 남33__20260201_0909.gpx,2026-02-01,남33,"남파랑길 32, 33코스 일부 - 겨울 끝자락, 무이산에서",https://cafe.daum.net/woosengzlsamo/FUqQ/23
남파랑길/실제/남파랑 32~33_20260201.gpx,2026-02-01,남파랑 32~33,"남파랑길 32, 33코스 일부 - 겨울 끝자락, 무이산에서",https://cafe.daum.net/woosengzlsamo/FUqQ/23
2026-01-31 잠산 095615.gpx,2026-01-31,09:56:15,"남파랑길 32, 33코스 일부 - 겨울 끝자락, 무이산에서",https://cafe.daum.net/woosengzlsamo/FUqQ/23
2026-01-28 구천 어사길__20260128_1104.gpx,2026-01-28,구천 어사길,,
2026-01-24 보성~백림정__20260124_1010.gpx,2026-01-24,보성~백림정,,
2026-01-22 단산정__20260122_1000.gpx,2026-01-22,단산정,,
2026-01-21 천자봉__20260121_1025.gpx,2026-01-21,천자봉,,
남파랑길/실제/남파랑 30_20260118.gpx,2026-01-18,남파랑 30,"남파랑길 30, 31코스 일부, 황소와 우리 사회의 ‘코뚜레’",https://cafe.daum.net/woosengzlsamo/FUqQ/22
남파랑길/실제/남파랑 31_20260118.gpx,2026-01-18,남파랑 31,"남파랑길 30, 31코스 일부, 황소와 우리 사회의 ‘코뚜레’",https://cafe.daum.net/woosengzlsamo/FUqQ/22
2026-01-16 연호~범어__20260116_1539.gpx,2026-01-16,연호~범어,"남파랑길 30, 31코스 일부, 황소와 우리 사회의 ‘코뚜레’",https://cafe.daum.net/woosengzlsamo/FUqQ/22
속리산둘레길/실제/속둘 05_20260110.gpx,2026-01-10,속둘5,"속리산둘레길 5구간 귀만동천길, 강인함에 부드러움마저...",https://cafe.daum.net/woosengzlsamo/FVOW/5
남파랑길/실제/남파랑 28-29_20260104.gpx,2026-01-04,남파랑 28-29_20260104,"남파랑길 28-29, 기적 같은 찰나를 함께 걷는 우리는",https://cafe.daum.net/woosengzlsamo/FUqQ/21
2025-12-31 밀양아리랑__20251231_1004.gpx,2025-12-31,밀양아리랑,"밀양아리랑길 트레킹, 소유하지 않고도 부자가 되는 법",https://cafe.daum.net/woosengzlsamo/FRz6/10
2025-12-27 강창역 강정보 사문진__20251227_1002.gpx,2025-12-27,강창역 강정보 사문진,"12월 4차 산책, 인간과 야생의 공존",https://cafe.daum.net/woosengzlsamo/FSZF/169
남파랑길/실제/남파랑 26~27_20251221.gpx,2025-12-21,남파랑 26~27_20251221,"남파랑길 26, 27구간, 소리 없는 아우성",https://cafe.daum.net/woosengzlsamo/FUqQ/20
2025-12-20 다사역-문산나루터__20251220_1027.gpx,2025-12-20,다사역-문산나루터,"남파랑길 26, 27구간, 소리 없는 아우성",https://cafe.daum.net/woosengzlsamo/FUqQ/20
2025-12-17  무척산__20251217_1006.gpx,2025-12-17,무척산,,
속리산둘레길/실제/속둘 04_20251213.gpx,2025-12-13,속둘4,속리산둘레길 4구간 금단산신선길,https://cafe.daum.net/woosengzlsamo/FVOW/4
2025-12-09 금정산__20251209_1036.gpx,2025-12-09,금정산,"다시 찾은 금정산, 새로운 길을 찾는 산돌뱅이들의 로망",https://cafe.daum.net/woosengzlsamo/FRz6/8
2025-12-09 화명생태공원__20251209_0836.gpx,2025-12-08,화명생태공원,,
2025-12-06 신천__20251206_1018.gpx,2025-12-06,신천,"신천 둔치, 신천 프러포즈 사업을 응원합니다",https://cafe.daum.net/woosengzlsamo/FSZF/168
남파랑길/실제/남파랑 24~25_20251130.gpx,2025-11-30,남파랑 25,"남파랑길 24, 25구간, 쓸모없음의 쓰임",https://cafe.daum.net/woosengzlsamo/FUqQ/19
2025-11-27 동묘산__20251127_1537.gpx,2025-11-27,동묘산,"11월 2차 산책, 초연한 노년의 풍경",https://cafe.daum.net/woosengzlsamo/8I5j/659
2025-11-27 범어산 동묘산__20251127_0956.gpx,2025-11-27,범어산 동묘산,"11월 2차 산책, 초연한 노년의 풍경",https://cafe.daum.net/woosengzlsamo/8I5j/659
2025-11-27 수성구청역 수성못__20251127_0956.gpx,2025-11-27,수성구청역 수성못,"11월 2차 산책, 초연한 노년의 풍경",https://cafe.daum.net/woosengzlsamo/8I5j/659
남파랑길/실제/남파랑 23_20251116.gpx,2025-11-16,남파랑 23~24,"남파랑길 23구간, 거제의 최고봉 가라산에서",https://cafe.daum.net/woosengzlsamo/FUqQ/18
2025-11-13 삼성산__20251113_1126.gpx,2025-11-13,삼성산,"11월 1차 산책. 삼성산에서, 걷는 속도로 마음을 맞추다",https://cafe.daum.net/woosengzlsamo/8I5j/658
2025-11-12 보문산 행복숲길__20251112_1003.gpx,2025-11-12,보문산 행복숲길,"11월 1차 산책. 삼성산에서, 걷는 속도로 마음을 맞추다",https://cafe.daum.net/woosengzlsamo/8I5j/658
2025-11-12 중앙시장 함경도집__20251112_1457.gpx,2025-11-12,중앙시장 함경도집,"11월 1차 산책. 삼성산에서, 걷는 속도로 마음을 맞추다",https://cafe.daum.net/woosengzlsamo/8I5j/658
2025-11-09 회수산__20251109_1314.gpx,2025-11-09,회수산,"속리산둘레길 3 (달천들녘길), 늦가을 걷다.",https://cafe.daum.net/woosengzlsamo/FVOW/3
속리산둘레길/실제/속둘 03_20251108.gpx,2025-11-08,속둘3,"속리산둘레길 3 (달천들녘길), 늦가을 걷다.",https://cafe.daum.net/woosengzlsamo/FVOW/3
남파랑길/실제/남파랑 21~22_20251102.gpx,2025-11-02,남파랑 21~22,"남파랑길 21-22구간, 몽돌, 욱하는 성질머리 눌러줄 누름돌",https://cafe.daum.net/woosengzlsamo/FUqQ/17
2025-11-01_공단역 신천역.gpx,2025-11-01,09:26:25,"11월 1차 산책(하중도), 세 박자를 다 갖춘 친구",https://cafe.daum.net/woosengzlsamo/FSZF/167
2025-10-23 수변.숲속 산책.gpx,2025-10-23,10:26:41,"10월 2차 정기 산책, 우탁 팔순",https://cafe.daum.net/woosengzlsamo/8I5j/657
남파랑길/실제/남파랑 19~20 _20251019.gpx,2025-10-19,10:22:38,"남파랑길 19, 20구간 - 김영삼 기념관을 바라보며",https://cafe.daum.net/woosengzlsamo/FUqQ/16
2025-10-15 y다리__20251015_1422.gpx,2025-10-15,y다리,대구둘레길 13구간 (우록상원길) - 잊음과 지레짐작 사이에서,https://cafe.daum.net/woosengzlsamo/FUsg/11
2025-10-15 김악산__20251015_0950.gpx,2025-10-15,김악산,대구둘레길 13구간 (우록상원길) - 잊음과 지레짐작 사이에서,https://cafe.daum.net/woosengzlsamo/FUsg/11
2025-10-12 금오지__20251012_1008.gpx,2025-10-12,금오지,"산책길 단상, 한국 외교의 줄타기",https://cafe.daum.net/woosengzlsamo/FSZF/166
2025-10-09 남파랑17__20251009_1017.gpx,2025-10-09,17,"남파랑길 17, 18구간 - 한글, 문자 그 이상의 힘",https://cafe.daum.net/woosengzlsamo/FUqQ/15
2025-10-09 남파랑18__20251009_1039.gpx,2025-10-09,18,"남파랑길 17, 18구간 - 한글, 문자 그 이상의 힘",https://cafe.daum.net/woosengzlsamo/FUqQ/15
남파랑길/실제/남파랑 17_20251009.gpx,2025-10-09,남파랑 17,"남파랑길 17, 18구간 - 한글, 문자 그 이상의 힘",https://cafe.daum.net/woosengzlsamo/FUqQ/15
남파랑길/실제/남파랑 17~18_20251009.gpx,2025-10-09,남파랑 17~18,"남파랑길 17, 18구간 - 한글, 문자 그 이상의 힘",https://cafe.daum.net/woosengzlsamo/FUqQ/15
남파랑길/실제/남파랑 18_20251009.gpx,2025-10-09,남파랑 18,"남파랑길 17, 18구간 - 한글, 문자 그 이상의 힘",https://cafe.daum.net/woosengzlsamo/FUqQ/15
2025-09-17 제비추리봉__20250917_1127.gpx,2025-09-17,제비추리봉,,
2025-09-14 두류산 83타워__20250914_0942.gpx,2025-09-14,두류산 83타워,,
2025-09-11 두류공원__20250911_1005.gpx,2025-09-11,두류공원,산책과 술 한잔의 힘,https://cafe.daum.net/woosengzlsamo/8I5j/656
2025-09-07 140512__20250907_1405.gpx,2025-09-07,14:05:12,다섯 명이었지만 다섯 배 즐거운 산책,https://cafe.daum.net/woosengzlsamo/FSZF/164
남파랑길/실제/남파랑 14_20250907.gpx,2025-09-07,남파랑길 14,"남파랑길 13, 14구간, 고성의 두 번째 길",https://cafe.daum.net/woosengzlsamo/FUqQ/13
2025-09-06 금봉산__20250906_1006.gpx,2025-09-06,금봉산,다섯 명이었지만 다섯 배 즐거운 산책,https://cafe.daum.net/woosengzlsamo/FSZF/164
2025-09-06 남파랑14 100610__20250906_1006.gpx,2025-09-06,10:06:10,"남파랑길 13, 14구간, 고성의 두 번째 길",https://cafe.daum.net/woosengzlsamo/FUqQ/13
남파랑길/실제/남파랑 13_20250907.gpx,2025-09-06,남파랑길 13,"남파랑길 13, 14구간, 고성의 두 번째 길",https://cafe.daum.net/woosengzlsamo/FUqQ/13
남파랑길/실제/남파랑 13~14_20250907.gpx,2025-09-06,남파랑길 13~14,"남파랑길 13, 14구간, 고성의 두 번째 길",https://cafe.daum.net/woosengzlsamo/FUqQ/13
2025-08-30 학산__20250830_1004.gpx,2025-08-30,학산,"그랬었구나, 내가 그랬었구나",https://cafe.daum.net/woosengzlsamo/FSZF/163
2025-08-23 앞산자락길__20250823_1042.gpx,2025-08-23,앞산자락길,다시 길 위에 서다,https://cafe.daum.net/woosengzlsamo/FUqQ/12
2025-08-20 문산__20250820_0859.gpx,2025-08-19,문산,,
2025-08-10 단산__20250810_1012.gpx,2025-08-10,단산,지리산둘레길 완주 기념 노고단 산행,https://cafe.daum.net/woosengzlsamo/FTSV/23
2025-08-09 노고단__20250809_0957.gpx,2025-08-09,노고단,지리산둘레길 완주 기념 노고단 산행,https://cafe.daum.net/woosengzlsamo/FTSV/23
2025-08-06 서출동류__20250806_1033.gpx,2025-08-06,서출동류,,
2025-07-24 앞산__20250724_1048.gpx,2025-07-24,앞산,7월 2차 앞산자락길 산책 - 산책길에 놓고 온 위트,https://cafe.daum.net/woosengzlsamo/8I5j/653
2025-07-16 산막이옛길__20250716_1039.gpx,2025-07-16,산막이옛길,,
1.지리산 둘레길/실제/지둘 21_20250712.gpx,2025-07-12,지둘21,지리산둘레길 21코스 (마지막),https://cafe.daum.net/woosengzlsamo/FTSV/22
2025-07-10 120208__20250710_1202.gpx,2025-07-10,12:02:08,"7월 1차 산책, 기게스의 반지와 알고리즘의 눈",https://cafe.daum.net/woosengzlsamo/8I5j/652
남파랑길/실제/남파랑 12_20250629.gpx,2025-06-29,남파랑 12,"남파랑길 12, 고성 땅 첫걸음, 무더위 속 전장",https://cafe.daum.net/woosengzlsamo/FUqQ/11
남파랑길/실제/남파랑 11_20250615.gpx,2025-06-15,11코스,남파랑길 11 여든을 넘긴 나이에 무리 아니냐고 묻거들랑,https://cafe.daum.net/woosengzlsamo/FUqQ/10
1.지리산 둘레길/실제/지둘 20_20250614.gpx,2025-06-14,지둘20,"지둘 20코스, ﻿두꺼비강 물안개 걷히는 아침",https://cafe.daum.net/woosengzlsamo/FTSV/21
2025-06-12 금오지__20250612_0957.gpx,2025-06-12,금오지,노후 준비 (Ⅰ) 노후에 대한 착각,https://cafe.daum.net/woosengzlsamo/8I5j/650
2025-06-10 서대산__20250610_0826.gpx,2025-06-09,서대산,"오래된 약속, 서대산에서 이루다",https://cafe.daum.net/woosengzlsamo/FRz6/6
남파랑길/실제/남파랑 10_20250601.gpx,2025-06-01,해파랑길 10,해파랑길 10,https://cafe.daum.net/woosengzlsamo/FSdR/10
2025-05-22 상대온천__20250522_1110.gpx,2025-05-22,상대온천,우송 장미원에서,https://cafe.daum.net/woosengzlsamo/8I5j/649
1.지리산 둘레길/실제/지들 20 오미~난동 _20250517.gpx,2025-05-17,곡전재,,
남파랑길/실제/남파랑 09_20250518.gpx,2025-05-17,남파랑길 9,남파랑길 9코스를 걸으며,https://cafe.daum.net/woosengzlsamo/FUqQ/8
1.지리산 둘레길/실제/지둘19_20250510.gpx,2025-05-10,지둘19,"지둘 19 방광에서 산동까지, 5월의 빗길을 따라",https://cafe.daum.net/woosengzlsamo/FTSV/20
남파랑길/실제/남파랑 07-08_20250504.gpx,2025-05-04,남파랑길 7-8,남파랑길 07-08코스 제덕사거리∼안민고개,https://cafe.daum.net/woosengzlsamo/FUqQ/7
2025전국생활체육대축전등산대회 코스_20250426.gpx,2025-04-26,등산대회,,
2025-04-24 학산__20250424_1006.gpx,2025-04-24,학산,자만심을 깨는 천문학적 방법,https://cafe.daum.net/woosengzlsamo/8I5j/647
2025-04-23 황령산__20250423_0949.gpx,2025-04-23,황령산,산꾼들의 황령산 나들이,https://cafe.daum.net/woosengzlsamo/FRz6/5
2025-04-19 비슬산__20250419_0937.gpx,2025-04-19,비슬산,비슬산 참꽃 기행,https://cafe.daum.net/woosengzlsamo/FSZF/161
1.지리산 둘레길/실제/지둘 18_20250412.gpx,2025-04-12,지둘18,지리산둘레길 18코스 (오미∼방광),https://cafe.daum.net/woosengzlsamo/FTSV/19
2025-04-10 수목원__20250410_1036.gpx,2025-04-10,수목원,천수봉 자락에서,https://cafe.daum.net/woosengzlsamo/8I5j/646
남파랑길/실제/남파랑 05 을숙도_20250406.gpx,2025-04-06,남파랑길 5,"남파랑길 5, 6코스 신평교차로∼제덕만택지",https://cafe.daum.net/woosengzlsamo/FUqQ/6
남파랑길/실제/남파랑 05 차량_20250406.gpx,2025-04-06,남5.차량,"남파랑길 5, 6코스 신평교차로∼제덕만택지",https://cafe.daum.net/woosengzlsamo/FUqQ/6
남파랑길/실제/남파랑 06_20250406.gpx,2025-04-06,남파랑길 6,"남파랑길 5, 6코스 신평교차로∼제덕만택지",https://cafe.daum.net/woosengzlsamo/FUqQ/6
남파랑길/실제/남파랑 04_20250330.gpx,2025-03-30,남파랑길 4,남파랑길 4코스 감천사거리∼신평교차로,https://cafe.daum.net/woosengzlsamo/FUqQ/5
남파랑길/실제/남파랑 03_20250316.gpx,2025-03-16,남파랑길 3,남파랑길 3코스 영도대교∼감천사거리,https://cafe.daum.net/woosengzlsamo/FUqQ/4
2025-03-13 형산__20250313_1021.gpx,2025-03-13,형산,형제산 봄맞이 산책,https://cafe.daum.net/woosengzlsamo/8I5j/644
1.지리산 둘레길/실제/지둘 17 송림~오미_20250308.gpx,2025-03-08,지둘17,지리산둘레길 17코스 (송정∼오미),https://cafe.daum.net/woosengzlsamo/FTSV/18
남파랑길/실제/남파랑 02_20250302.gpx,2025-03-02,남파랑 02,"남파랑길 2코스, 초행길과 늙어가는 길",https://cafe.daum.net/woosengzlsamo/FUqQ/3
남파랑길/실제/남파랑 01 오륙도 부산역_20250216.gpx,2025-02-16,남파랑 01,남파랑길 1코스,https://cafe.daum.net/woosengzlsamo/FUqQ/2
2025-02-14 덕유산__20250214_1047.gpx,2025-02-14,덕유산,덕유산 설경,https://cafe.daum.net/woosengzlsamo/FRz6/9
2025-02-13 범어 공원 둘레길__20250213_1041.gpx,2025-02-13,범어 공원 둘레길,노인네들의 수다,https://cafe.daum.net/woosengzlsamo/8I5j/641
1.지리산 둘레길/실제/지둘 16 가탄~송정_20250208.gpx,2025-02-08,지둘 16,"지둘 16, 지리산의 겨울 길",https://cafe.daum.net/woosengzlsamo/FTSV/17
해파랑길/실제/해파랑 16. 끝_20250202.gpx,2025-02-01,해파랑길 16.끝,"해파랑길 16 마지막 코스, 송도∼연오랑세오녀 공원",https://cafe.daum.net/woosengzlsamo/FSdR/50
2025-01-28 선산.수리리.gpx,2025-01-28,09:26:48,설날 단상,https://cafe.daum.net/woosengzlsamo/FSZF/155
2025-01-25 해랑교__20250125_1021.gpx,2025-01-25,해랑교,벗의 자리,https://cafe.daum.net/woosengzlsamo/FSZF/154
2025-01-18 박정희대통령역사공원__20250118_1044.gpx,2025-01-18,박정희대통령역사공원,"박정희 대통령의 발자취를 둘러보고, 그 의미와 교훈을 되새겨 봅니다.",https://cafe.daum.net/woosengzlsamo/FSZF/153
해파랑길/실제/해파랑 17 칠포-송도_20250119.gpx,2025-01-18,해파랑길 17,해파랑길 17코스 칠포∼송도,https://cafe.daum.net/woosengzlsamo/FSdR/49
1.지리산 둘레길/실제/지둘 15 원부출~가탄_20250111.gpx,2025-01-11,지둘15,지리산둘레길 15 (원부춘∼가탄),https://cafe.daum.net/woosengzlsamo/FTSV/16
해파랑길/실제/해파랑 18 변형 화진~칠포_20250105.gpx,2025-01-05,해파랑길 변형 18,해파랑길 변형 18코스 화진∼칠포,https://cafe.daum.net/woosengzlsamo/FSdR/47
2025-01-04 형제산__20250104_1032.gpx,2025-01-04,형제산,형제산,https://cafe.daum.net/woosengzlsamo/FSZF/152
2024-12-21 사방산__20241221_0959.gpx,2024-12-21,사방산,"인생 2막의 새출발, 겨울 산행에서 만난 새로운 시작",https://cafe.daum.net/woosengzlsamo/FSZF/150
1.지리산 둘레길/실제/지둘 13 서당~하동읍_20241214.gpx,2024-12-14,지둘 13,지리산둘레길 13코스 (서당마을∼하동읍),https://cafe.daum.net/woosengzlsamo/FTSV/15
해파랑길/실제/해파랑 19 강구~화진_20241215.gpx,2024-12-14,해파랑길 19,해파랑길 19코스 ＜강구항∼화진해수욕장＞,https://cafe.daum.net/woosengzlsamo/FSdR/46
2024-12-12 달비골__20241212_0955.gpx,2024-12-12,달비골,"한겨울, 달비고개를 넘으며",https://cafe.daum.net/woosengzlsamo/8I5j/639
2024-12-04 도원지순환로__20241204_1425.gpx,2024-12-04,도원지순환로,,
대전둘레길/대둘_4-18_구간.gpx,2024-12-01,대둘 4/18 구간,2024년 11월 4차 정기산책 ＜앞산자락길＞,https://cafe.daum.net/woosengzlsamo/FSZF/149
2024-11-30 앞산자락길__20241130_1010.gpx,2024-11-30,앞산자락길,2024년 11월 4차 정기산책 ＜앞산자락길＞,https://cafe.daum.net/woosengzlsamo/FSZF/149
2024-12-01 해파랑길 20__20241201_0856.gpx,2024-11-30,해파랑길 20,해파랑길 20코스 (해맞이공원∼강구항),https://cafe.daum.net/woosengzlsamo/FSdR/45
해파랑길/실제/해파랑 20 해맞이공원~강구_20241201.gpx,2024-11-30,08:53:39,해파랑길 20코스 (해맞이공원∼강구항),https://cafe.daum.net/woosengzlsamo/FSdR/45
2024-11-25 영실 ~ 어리목__20241125_0815.gpx,2024-11-24,영실 ~ 어리목,한라산(영실-윗세오름-어승생악-어리목),https://cafe.daum.net/woosengzlsamo/FRz6/2
2024-11-23 팔공순환로__20241123_1000.gpx,2024-11-23,팔공순환로,,
2024-11-16 연암. 대불. 여원__20241116_1053.gpx,2024-11-16,연암. 대불. 여원,,
해파랑길/실제/해파랑 21 축산항 ~해맞이공원_20241117.gpx,2024-11-16,해파랑 21 축산항 ~해맞이공원_20241107,해파랑길 20코스 (해맞이공원∼강구항),https://cafe.daum.net/woosengzlsamo/FSdR/45
2024-11-14 대불공원__20241114_1000.gpx,2024-11-14,대불공원,,
1.지리산 둘레길/실제/지둘 14 대축~원부춘_20241109.gpx,2024-11-09,지둘 14,지리산둘레길 14코스 (대축∼원부춘),https://cafe.daum.net/woosengzlsamo/FTSV/14
2024-11-06 문경 출렁다리__20241106_1059.gpx,2024-11-06,문경 출렁다리,지리산둘레길 14코스 (대축∼원부춘),https://cafe.daum.net/woosengzlsamo/FTSV/14
대전둘레길/대둘_1-18구간_국사봉.gpx,2024-11-05,대둘 1-18구간 국사봉,지리산둘레길 14코스 (대축∼원부춘),https://cafe.daum.net/woosengzlsamo/FTSV/14
해파랑길/실제/해파랑 22 대진~축산_20241103.gpx,2024-11-03,해파랑길 22,해파랑길 22코스 (대진∼축산),https://cafe.daum.net/woosengzlsamo/FSdR/44
2024-11-02 송현주봉__20241102_1003.gpx,2024-11-02,송현주봉,해파랑길 22코스 (대진∼축산),https://cafe.daum.net/woosengzlsamo/FSdR/44
2024-11-01 월령__20241101_1804.gpx,2024-11-01,월령,해파랑길 22코스 (대진∼축산),https://cafe.daum.net/woosengzlsamo/FSdR/44
2024-10-31 범어~산장__20241031_1056.gpx,2024-10-31,범어~산장,,
2024-10-26 대불공원__20241026_1007.gpx,2024-10-26,대불공원,,
대전둘레길/대둘_3-18_만인산.gpx,2024-10-23,대둘 3/18 만인산,,
해파랑길/실제/해파랑 23 후포~대진_20241020.gpx,2024-10-20,해파랑길 23,해파랑길 23 (후포~대진),https://cafe.daum.net/woosengzlsamo/FSdR/43
2024-10-13 단산지~백림정__20241013_1007.gpx,2024-10-13,단산지~백림정,지리산둘레길 12,https://cafe.daum.net/woosengzlsamo/FTSV/13
1.지리산 둘레길/실제/지둘 12 삼화실~대축_20241012.gpx,2024-10-12,지둘12,지리산둘레길 12,https://cafe.daum.net/woosengzlsamo/FTSV/13
대전둘레길/대둘_2-18구간_떡갈봉.gpx,2024-10-06,대둘 2/18구간 떡갈봉,해파랑길 24,https://cafe.daum.net/woosengzlsamo/FSdR/42
해파랑길/실제/해파랑 24 기성~후포_20241006.gpx,2024-10-06,해파랑길 24,해파랑길 24,https://cafe.daum.net/woosengzlsamo/FSdR/42
2024-10-05 간송미술관__20241005_0906.gpx,2024-10-05,간송미술관,"간송미술관 관람 - 한글, 더 많은 소리를 향한 도약 (2)",https://cafe.daum.net/woosengzlsamo/8I5j/637
대전둘레길/대둘_쟁기봉_장안봉.gpx,2024-10-05,대둘 쟁기봉 장안봉,해파랑길 24,https://cafe.daum.net/woosengzlsamo/FSdR/42
2024-09-28 침산__20240928_0953.gpx,2024-09-28,침산,가을 맞이 침산공원,https://cafe.daum.net/woosengzlsamo/FSZF/147
2024-09-26 침산__20240926_0959.gpx,2024-09-26,침산,가을 맞이 침산공원,https://cafe.daum.net/woosengzlsamo/FSZF/147
1.지리산 둘레길/실제/지둘 11_20240914.gpx,2024-09-14,지둘11,지리산둘레길 11 하동호 - 삼화실,https://cafe.daum.net/woosengzlsamo/FTSV/12
대전둘레길/대둘_1-18구간.gpx,2024-09-14,대둘 1-18구간,범어산 동영상,https://cafe.daum.net/woosengzlsamo/8I5j/635
2024-09-06 천왕봉__20240906_0211.gpx,2024-09-05,천왕봉,"지리산 천왕봉, 백두대간 첫걸음을 회상하며",https://cafe.daum.net/woosengzlsamo/FRz6/4
대전둘레길/대둘_18-18구간.gpx,2024-09-01,대둘 18/18구간,코스모스의 가을을 기다리며,https://cafe.daum.net/woosengzlsamo/FSZF/144
해파랑길/실제/해파랑 25 촛대~기성_20240901.gpx,2024-09-01,해파랑길 25,해파랑길 25,https://cafe.daum.net/woosengzlsamo/FSdR/41
2024-08-31 야시골공원.gpx,2024-08-31,10:42:30,코스모스의 가을을 기다리며,https://cafe.daum.net/woosengzlsamo/FSZF/144
2024-08-24 안산__20240824_1010.gpx,2024-08-24,안산,"안산, 팔공산 달빛 걷기",https://cafe.daum.net/woosengzlsamo/FSZF/143
해파랑길/실제/해파랑 26_20240818.gpx,2024-08-18,해파랑 26_20240818,해파랑길 26,https://cafe.daum.net/woosengzlsamo/FSdR/40
2024-08-17 자락길__20240817_1013.gpx,2024-08-17,자락길,해파랑길 26,https://cafe.daum.net/woosengzlsamo/FSdR/40
1.지리산 둘레길/실제/지둘 10_20240810.gpx,2024-08-10,지둘10,지리산둘레길 10 위태 - 하동호,https://cafe.daum.net/woosengzlsamo/FTSV/10
해파랑길/실제/해파랑 27 변형_20240804.gpx,2024-08-04,변형27코스,해파랑길 변형 27,https://cafe.daum.net/woosengzlsamo/FSdR/39
2024-07-27 학봉.본동복어__20240727_1023.gpx,2024-07-27,학봉.본동복어,학산공원,https://cafe.daum.net/woosengzlsamo/FSZF/142
해파랑길/실제/해파랑 28_20240721.gpx,2024-07-21,해파랑길 28,해파랑길 28,https://cafe.daum.net/woosengzlsamo/FSdR/38
2024-07-20 고산골__20240720_1004.gpx,2024-07-20,고산골,앞산자락길 우중 산책,https://cafe.daum.net/woosengzlsamo/FSZF/141
1.지리산 둘레길/실제/지둘 09_20240713.gpx,2024-07-13,지둘 09,지리산둘레길 09 덕산 - 위태,https://cafe.daum.net/woosengzlsamo/FTSV/9
2024-07-11 봉혈산__20240711_1003.gpx,2024-07-11,봉혈산,봉혈산에서 무태까지,https://cafe.daum.net/woosengzlsamo/8I5j/634
해파랑길/실제/해파랑 29 변형_20240707.gpx,2024-07-07,해파랑길 변형 29코스,해파랑길 변형 29,https://cafe.daum.net/woosengzlsamo/FSdR/37
2024-06-29 삼갈래봉__20240629_1010.gpx,2024-06-29,삼갈래봉,팔공산 삼갈래봉,https://cafe.daum.net/woosengzlsamo/FSZF/138
속리산둘레길/속리산둘레길 문경10구간(240628).gpx,2024-06-28,가은달빛캠핑장,단산,https://cafe.daum.net/woosengzlsamo/8I5j/633
2024-06-27 단산.달빛식당__20240627_1001.gpx,2024-06-27,단산.달빛식당,단산,https://cafe.daum.net/woosengzlsamo/8I5j/633
해파랑길/실제/해파랑 30-29_20240616.gpx,2024-06-16,해파랑길 30. 29일부,해파랑길 30,https://cafe.daum.net/woosengzlsamo/FSdR/36
2024-06-15 단산_20240615.gpx,2024-06-15,단산,단산,https://cafe.daum.net/woosengzlsamo/8I5j/633
2024-06-13 자락길 102127.gpx,2024-06-13,10:21:27,,
2024-06-11 범어공원__20240611_1445.gpx,2024-06-11,범어공원,,
해파랑길/실제/해파랑 31 오분~궁촌_20240602.gpx,2024-06-02,해파랑길 31,해파랑길 31,https://cafe.daum.net/woosengzlsamo/FSdR/35
2024-06-01 범어산__20240601_1001.gpx,2024-06-01,범어산,범어공원을 거닐며,https://cafe.daum.net/woosengzlsamo/FSZF/136
2024-05-19 해파랑길 32__20240519_1038.gpx,2024-05-19,해파랑길 32,해파랑길 32,https://cafe.daum.net/woosengzlsamo/FSdR/34
해파랑길/실제/해파랑 32 추암~오분동_20240519.gpx,2024-05-19,해파랑길 32,해파랑길 32,https://cafe.daum.net/woosengzlsamo/FSdR/34
2024-05-18 뱀산__20240518_1001.gpx,2024-05-18,뱀산,"뱀산, 성산",https://cafe.daum.net/woosengzlsamo/FSZF/134
묘향동산__20240515_1131_20240517_075036.gpx,2024-05-15,주차장,"뱀산, 성산",https://cafe.daum.net/woosengzlsamo/FSZF/134
2024-05-12 자락길__20240512_1006.gpx,2024-05-12,자락길,지리산둘레길 07 (성심원-운리),https://cafe.daum.net/woosengzlsamo/FTSV/7
1.지리산 둘레길/실제/지둘 07_20240511.gpx,2024-05-11,지둘7,지리산둘레길 07 (성심원-운리),https://cafe.daum.net/woosengzlsamo/FTSV/7
2024-05-09 자락길__20240509_1009.gpx,2024-05-09,자락길,지리산둘레길 07 (성심원-운리),https://cafe.daum.net/woosengzlsamo/FTSV/7
해파랑길/실제/해파랑 33 묵호역~추암_20240505.gpx,2024-05-05,해파랑길 33,해파랑길 33,https://cafe.daum.net/woosengzlsamo/FSdR/33
2024-05-04 지산__20240504_1002.gpx,2024-05-04,지산,지산,https://cafe.daum.net/woosengzlsamo/FSZF/132
2024-04-27 로타리공원__20240427_0958.gpx,2024-04-27,로타리공원,로터리공원 산책,https://cafe.daum.net/woosengzlsamo/FSZF/131
2024-04-25 전우쉼터__20240425_1045.gpx,2024-04-25,전우쉼터,로터리공원 산책,https://cafe.daum.net/woosengzlsamo/FSZF/131
해파랑길/실제/해파랑 34 옥계~묵호역_20240421.gpx,2024-04-21,해파랑 34 옥계~묵호역_20240421,해파랑길 34,https://cafe.daum.net/woosengzlsamo/FSdR/32
1.지리산 둘레길/실제/지둘 06_20240413.gpx,2024-04-13,지둘 06,지리산둘레길 06,https://cafe.daum.net/woosengzlsamo/FTSV/6
대전둘레길/대둘_17구간_18구간중.gpx,2024-04-07,대둘 17구간 18구간중,꽃비 맞으며 백자산을 거닐다,https://cafe.daum.net/woosengzlsamo/FSZF/130
해파랑길/실제/해파랑 35 정동진~옥계_20240407.gpx,2024-04-07,해파랑길 35,해파랑길 35,https://cafe.daum.net/woosengzlsamo/FSdR/31
2024-04-06 백자산__20240406_0958.gpx,2024-04-06,백자산,꽃비 맞으며 백자산을 거닐다,https://cafe.daum.net/woosengzlsamo/FSZF/130
2024-03-30 수목원__20240330_1002.gpx,2024-03-30,수목원,수목원 우중 산책,https://cafe.daum.net/woosengzlsamo/FSZF/129
2024-03-28 아양교 벚꽃길.gpx,2024-03-28,아양쿄 벚꽃길,아양교역에서 백림정 동영상,https://cafe.daum.net/woosengzlsamo/8I5j/632
2024-03-23 생각을담는길__20240323_0953.gpx,2024-03-23,생각을담는길,경기장에서 용지까지,https://cafe.daum.net/woosengzlsamo/FSZF/127
해파랑길/실제/해파랑 36 안인~정동진_20240317.gpx,2024-03-17,해파랑길 36,해파랑길 36,https://cafe.daum.net/woosengzlsamo/FSdR/30
2024-03-16 성지산__20240316_1034.gpx,2024-03-16,성지산,고령 성지산에서,https://cafe.daum.net/woosengzlsamo/FSZF/126
2024-03-14 학산공원__20240314_1046.gpx,2024-03-14,학산공원,240314 학산 동영상,https://cafe.daum.net/woosengzlsamo/8I5j/631
대전둘레길/대둘_16구간(18구간중).gpx,2024-03-03,대둘 16구간(18구간중),탕건 쓰고 봄맞이,https://cafe.daum.net/woosengzlsamo/FSZF/125
해파랑길/실제/해파랑 37 오독떼기~안인_20240303.gpx,2024-03-03,해파랑길 37,해파랑길 37,https://cafe.daum.net/woosengzlsamo/FSdR/29
2024-02-24 송도__20240224_1658.gpx,2024-02-24,송도,"이기대, 태종대, 송정해변 산책",https://cafe.daum.net/woosengzlsamo/FSZF/124
2024-02-24 이기대__20240224_1136.gpx,2024-02-24,이기대,"이기대, 태종대, 송정해변 산책",https://cafe.daum.net/woosengzlsamo/FSZF/124
2024-02-24 태종대__20240224_1531.gpx,2024-02-24,태종대,"이기대, 태종대, 송정해변 산책",https://cafe.daum.net/woosengzlsamo/FSZF/124
해파랑길/실제/해파랑 15 호미곶~연오랑공원_20240218.gpx,2024-02-18,해15,해파랑길 15,https://cafe.daum.net/woosengzlsamo/FSdR/28
2024-02-06 비토섬__20240206_1035.gpx,2024-02-06,비토섬,,
해파랑길/실제/해파랑 14 구룡포~호미곶_20240204.gpx,2024-02-04,해파랑길 14,해파랑길 14,https://cafe.daum.net/woosengzlsamo/FSdR/27
대전둘레길/대둘_15구간_수통골_한바퀴.gpx,2024-02-03,대둘 15구간 수통골 한바퀴,2월 1차 정기 산책,https://cafe.daum.net/woosengzlsamo/FSZF/123
2024-02-02 대둘12__20240202_0837.gpx,2024-02-01,대둘12,,
2024-02-02 청산__20240202_0837.gpx,2024-02-01,청산,,
2024-01-29 서리풀공원.gpx,2024-01-29,미도산,마천산,https://cafe.daum.net/woosengzlsamo/FSZF/122
2024-01-25 주산.gpx,2024-01-25,천수봉,우생즐사모 수목원 한바쿠 동영상,https://cafe.daum.net/woosengzlsamo/8I5j/630
해파랑길/실제/해파랑 13 양포~구룡포_20240121.gpx,2024-01-21,해파랑 13 양포~구룡포_20240121,해파랑길 13,https://cafe.daum.net/woosengzlsamo/FSdR/26
2024-01-17 094310__20240117_0943.gpx,2024-01-17,09:43:10,,
1.지리산 둘레길/실제/지둘 04_20240113.gpx,2024-01-13,지둘 04,지리산둘레길 04,https://cafe.daum.net/woosengzlsamo/FTSV/4
해파랑길/실제/해파랑 12 감포항~양포항_20240107.gpx,2024-01-07,해파랑 12,해파랑길 12,https://cafe.daum.net/woosengzlsamo/FSdR/25
2023-12-30 사북산__20231230_1006.gpx,2023-12-30,사북산,대곡산 백세공원,https://cafe.daum.net/woosengzlsamo/FSZF/120
2023-12-23 남산__20231223_1052.gpx,2023-12-23,남산,경주 남산에서 동장군과 맞짱을...,https://cafe.daum.net/woosengzlsamo/FSZF/119
해파랑길/실제/해파랑 11 나아~감포_20231217.gpx,2023-12-17,해파랑길 11,해파랑길 11,https://cafe.daum.net/woosengzlsamo/FSdR/24
2023-12-16 태복산.gpx,2023-12-16,태복산,친구들이 있어 행복한 겨울 산행,https://cafe.daum.net/woosengzlsamo/FSZF/118
1.지리산 둘레길/실제/지둘 03_20231209.gpx,2023-12-09,지둘3,지리산둘레길 03,https://cafe.daum.net/woosengzlsamo/FTSV/3
해파랑길/실제/해파랑 38 솔바람교~장현지_20231203.gpx,2023-12-03,해파랑길 38,해파랑길 38,https://cafe.daum.net/woosengzlsamo/FSdR/23
2023-12-02 단산__20231202_1001.gpx,2023-12-02,단산,서거정 구로정에서,https://cafe.daum.net/woosengzlsamo/FSZF/117
2023-11-25 죽곡산__20231125_1237.gpx,2023-11-25,죽곡산,걸어야만 직성이 풀리는 친구들,https://cafe.daum.net/woosengzlsamo/FSZF/116
2023-11-23 진밭골__20231123_1038.gpx,2023-11-23,진밭골,,
해파랑길/실제/해파랑 39 순긋~솔바람다리_20231119.gpx,2023-11-19,해파랑길 39,해파랑길 39,https://cafe.daum.net/woosengzlsamo/FSdR/22
2023-11-18 습지__20231118_1028.gpx,2023-11-18,습지,달성습지를 걸으며,https://cafe.daum.net/woosengzlsamo/FSZF/115
대전둘레길/대둘11-18구긴.gpx,2023-11-12,대둘11-18구긴,가는 가을 아쉬워하며,https://cafe.daum.net/woosengzlsamo/FSZF/114
1.지리산 둘레길/실제/지둘 02_20231111.gpx,2023-11-11,지둘2코스,지리산둘레길 02,https://cafe.daum.net/woosengzlsamo/FTSV/2
2023-11-09 봉무공원__20231109_1009.gpx,2023-11-09,봉무공원,가는 가을 아쉬워하며,https://cafe.daum.net/woosengzlsamo/FSZF/114
해파랑길/실제/해파랑 40 주문진~순긋_20231105.gpx,2023-11-05,해파랑길 40,해파랑길 40,https://cafe.daum.net/woosengzlsamo/FSdR/21
2023-11-04 동화사 주변__20231104_1404.gpx,2023-11-04,동화사 주변,계절은 어느덧,https://cafe.daum.net/woosengzlsamo/FSZF/113
2023-11-04 동화사종점부근.gpx,2023-11-04,14:03:24,계절은 어느덧,https://cafe.daum.net/woosengzlsamo/FSZF/113
2023-10-28 두류공원__20231028_1000.gpx,2023-10-28,두류공원,단풍 한 잎의 의미,https://cafe.daum.net/woosengzlsamo/FSZF/112
2023-10-26 장기공원__20231026_1006.gpx,2023-10-26,장기공원,,
"2023-10-21 천을산, 연호산__20231021_1004.gpx",2023-10-21,"천을산, 연호산","가을, 사랑과 그리움의 계절",https://cafe.daum.net/woosengzlsamo/FSZF/111
해파랑길/실제/해파랑 41광진-주문진_20231015.gpx,2023-10-15,해파랑길 41,해파랑길 41,https://cafe.daum.net/woosengzlsamo/FSdR/20
2023-10-12 형제봉접근로__20231012_0830.gpx,2023-10-11,형제봉접근로,팔공산 국립공원 지정 기념 비로봉 탐방,https://cafe.daum.net/woosengzlsamo/8I5j/626
2023-10-07 두리마루숲길__20231007_0839.gpx,2023-10-06,두리마루숲길,두리마루숲길 가을맞이 산책,https://cafe.daum.net/woosengzlsamo/FSZF/109
2023-10-04 남파랑길 18__20231004_0955.gpx,2023-10-04,남파랑길 18,"남파랑길 17, 18구간 - 한글, 문자 그 이상의 힘",https://cafe.daum.net/woosengzlsamo/FUqQ/15
대전둘레길/대둘_13구간(18구간중) (1).gpx,2023-10-01,대둘 13구간(18구간중),,
2023-09-23 두리봉__20230923_0959.gpx,2023-09-23,두리봉,"두리봉, 금봉산",https://cafe.daum.net/woosengzlsamo/FSZF/108
해파랑길/실제/해파랑 42 변형 하조대~광진_202309179.gpx,2023-09-17,해파랑  42변형 하조대~광진_20230917,해파랑길 42,https://cafe.daum.net/woosengzlsamo/FSdR/19
속리산둘레길/속둘_꼬부랑길(230915).gpx,2023-09-15,3번승강장,"속리산둘레길 3 (달천들녘길), 늦가을 걷다.",https://cafe.daum.net/woosengzlsamo/FVOW/3
1.지리산 둘레길/실제/지둘 01_20230909.gpx,2023-09-09,지리산둘레길 01_20230909,지리산둘레길 01,https://cafe.daum.net/woosengzlsamo/FTSV/1
2023-09-09 지리산둘레길 01__20230909_1004.gpx,2023-09-09,지리산둘레길 01,지리산둘레길 01,https://cafe.daum.net/woosengzlsamo/FTSV/1
대전둘레길/대둘_12~18구간 (1).gpx,2023-09-03,대둘 12~18구간,학산공원 학산 - 코스모스의 계절 9월입니다.,https://cafe.daum.net/woosengzlsamo/FSZF/105
해파랑길/실제/해파랑 43 수산항~하조대_20230903.gpx,2023-09-03,해파랑 43 수산항~하조대_20230903,해파랑길 43,https://cafe.daum.net/woosengzlsamo/FSdR/18
2023-09-02 학산공원__20230902_1008.gpx,2023-09-02,학산공원,학산공원 학산 - 코스모스의 계절 9월입니다.,https://cafe.daum.net/woosengzlsamo/FSZF/105
2023-08-26 장기공원.gpx,2023-08-26,10:26:12,,
해파랑길/실제/해파랑 44 속초항~수산항_20230820.gpx,2023-08-20,11:00:45,해파랑길 변형 44,https://cafe.daum.net/woosengzlsamo/FSdR/17
2023-08-12 구미역__20230812_1447.gpx,2023-08-12,구미역,,
2023-08-06 남파랑길01__20230806_0916.gpx,2023-08-06,남파랑길01,남파랑길 1코스,https://cafe.daum.net/woosengzlsamo/FUqQ/2
대전둘레길/대둘_10~18구간.gpx,2023-08-06,대둘 10~18구간,"8월 염천의 봉혈산, 화담산 등반",https://cafe.daum.net/woosengzlsamo/FSZF/103
2023-08-05 화담산__20230805_1037.gpx,2023-08-05,화담산,"8월 염천의 봉혈산, 화담산 등반",https://cafe.daum.net/woosengzlsamo/FSZF/103
2023-07-29 폭포골.마애불능선__20230729_0936.gpx,2023-07-29,폭포골.마애불능선,팔공산 한봉,https://cafe.daum.net/woosengzlsamo/FSZF/102
대전둘레길/대둘_7~18구간.gpx,2023-07-25,대둘 7~18구간,,
해파랑길/실제/해파랑 45 장사항~설악항_20230716.gpx,2023-07-16,해파랑 45,해파랑길 45,https://cafe.daum.net/woosengzlsamo/FSdR/16
2023-07-08 폭포골_20230708.gpx,2023-07-08,폭포골,,
2023-07-08 폭포골__20230708_1043.gpx,2023-07-08,폭포골,,
대전둘레길/대둘_9~18구간(수정).gpx,2023-07-02,대둘 9~18구간,"가산 부계봉, 비녀바위봉, 치키봉",https://cafe.daum.net/woosengzlsamo/FSZF/101
해파랑길/실제/해파랑 46 삼포해변~장사항_20230702.gpx,2023-07-02,해파랑길 46,해파랑길 46,https://cafe.daum.net/woosengzlsamo/FSdR/15
2023-07-01 치키봉__20230701_1005.gpx,2023-07-01,치키봉,"가산 부계봉, 비녀바위봉, 치키봉",https://cafe.daum.net/woosengzlsamo/FSZF/101
2023-06-24 비로봉__20230624_1016.gpx,2023-06-24,비로봉,"팔공산 국립공원 승격 기념 비로봉, 동봉, 서봉 탐방",https://cafe.daum.net/woosengzlsamo/FSZF/100
2023-06-22 자락길__20230622_1036.gpx,2023-06-22,자락길,우생즐사모 6월 앞산 - 안지랑 동영상,https://cafe.daum.net/woosengzlsamo/8I5j/625
해파랑길/실제/해파랑 47변형 가진항~삼포항_20230618.gpx,2023-06-18,해파랑길 변형47코스,해파랑길 47,https://cafe.daum.net/woosengzlsamo/FSdR/14
2023-06-17 토성__20230617_1000.gpx,2023-06-17,토성,앞산 일원,https://cafe.daum.net/woosengzlsamo/FSZF/99
2023-06-10 초례봉__20230610_0921.gpx,2023-06-10,초례봉,,
2023-06-08 월류봉__20230608_0936.gpx,2023-06-08,월류봉,월류봉,https://cafe.daum.net/woosengzlsamo/8I5j/624
2023-06-05 해파랑길 47__20230605_1651.gpx,2023-06-05,해파랑길 47,해파랑길 47,https://cafe.daum.net/woosengzlsamo/FSdR/14
대전둘레길/대둘_8~18구간.gpx,2023-06-04,대둘 6~18구간,유월이 되면,https://cafe.daum.net/woosengzlsamo/FSZF/98
해파랑길/실제/해파랑 48 거진항~가진항_20230604.gpx,2023-06-04,해파랑 48,해파랑길 48,https://cafe.daum.net/woosengzlsamo/FSdR/13
2023-05-25 연호__20230525_1247.gpx,2023-05-25,연호,우즐모 23년 5월 모봉 동영상,https://cafe.daum.net/woosengzlsamo/8I5j/623
2023-05-23 남성현~안산~원리__20230523_1112.gpx,2023-05-23,남성현~안산~원리,우즐모 23년 5월 모봉 동영상,https://cafe.daum.net/woosengzlsamo/8I5j/623
해파랑길/실제/해파랑 49 거진-통전신고소_20230521.gpx,2023-05-21,49 (거진-통전신고소),해파랑길 49,https://cafe.daum.net/woosengzlsamo/FSdR/12
2023-05-13 왕산__20230513_1043.gpx,2023-05-13,왕산,왕산,https://cafe.daum.net/woosengzlsamo/FSZF/96
2023-05-11 다사~낙동__20230511_1036.gpx,2023-05-11,다사~낙동,왕산,https://cafe.daum.net/woosengzlsamo/FSZF/96
해파랑길/실제/해파랑 50 신고소~통전_20230507.gpx,2023-05-07,해파랑 50 신고소~통전  _20230507,해파랑길 50,https://cafe.daum.net/woosengzlsamo/FSdR/11
2023-05-02 비로봉__20230502_0925.gpx,2023-05-02,비로봉,,
2023-04-28 11황매산__20230428_1148.gpx,2023-04-28,11황매산,망팔의 노친네들 황매산 기적길을 날다.,https://cafe.daum.net/woosengzlsamo/FSZF/95
2023-04-27 달성공원__20230427_1040.gpx,2023-04-27,달성공원,망팔의 노친네들 황매산 기적길을 날다.,https://cafe.daum.net/woosengzlsamo/FSZF/95
2023-04-22 대구은~공단__20230422_1005.gpx,2023-04-22,대구은~공단,가는 봄을 아쉬워하며,https://cafe.daum.net/woosengzlsamo/FSZF/94
2023-04-21 다사역~문양역__20230421_1451.gpx,2023-04-21,다사역~문양역,가는 봄을 아쉬워하며,https://cafe.daum.net/woosengzlsamo/FSZF/94
2023-04-15 가르뱅이__20230415_1051.gpx,2023-04-15,가르뱅이,와룡산 용미봉 영산홍 군락지에서,https://cafe.daum.net/woosengzlsamo/FSZF/93
해파랑길/실제/해파랑 10 정자 ~나아_20230416.gpx,2023-04-15,10코스,해파랑길 10,https://cafe.daum.net/woosengzlsamo/FSdR/10
해파랑길/실제/해파랑 10+탈해왕_20230416.gpx,2023-04-15,10코스÷탈해유허비,해파랑길 10,https://cafe.daum.net/woosengzlsamo/FSdR/10
비슬산둘레길/실제/20230415 비슬산둘레길_105km.gpx,2023-04-14,06:09:59 비슬산둘레길,와룡산 용미봉 영산홍 군락지에서,https://cafe.daum.net/woosengzlsamo/FSZF/93
2023-04-13 하중도__20230413_1005.gpx,2023-04-13,하중도,우즐모 하중도(꽃섬) 동영상,https://cafe.daum.net/woosengzlsamo/8I5j/622
2023-04-12 야시꼴공원__20230412_1656.gpx,2023-04-12,야시꼴공원,우즐모 하중도(꽃섬) 동영상,https://cafe.daum.net/woosengzlsamo/8I5j/622
2023-04-08 아양교-복현오거리__20230408_0956.gpx,2023-04-08,아양교-복현오거리,국립신암선열공원을 찾아,https://cafe.daum.net/woosengzlsamo/FSZF/92
대전둘레길/대둘_6-18_코스.gpx,2023-04-02,대둘 6/18 코스,해파랑길 09,https://cafe.daum.net/woosengzlsamo/FSdR/9
해파랑길/실제/해파랑 09 일산~정자_20230402.gpx,2023-04-01,해파랑 09 일산~정자_20230402,해파랑길 09,https://cafe.daum.net/woosengzlsamo/FSdR/9
2023-03-31 불로천__20230331_1017.gpx,2023-03-31,불로천,해파랑길 09,https://cafe.daum.net/woosengzlsamo/FSdR/9
2023-03-25 아양교역~불로고분__20230325_1010.gpx,2023-03-25,아양교역~불로고분,"벚꽃놀이, 금호강에서 불로천 따라",https://cafe.daum.net/woosengzlsamo/FSZF/91
속리산둘레길/실제/속둘 01_230324.gpx,2023-03-24,갈림(좌향),"벚꽃놀이, 금호강에서 불로천 따라",https://cafe.daum.net/woosengzlsamo/FSZF/91
2023-03-18 다사역 ~부곡추어탕__20230318_1024.gpx,2023-03-18,다사역 ~부곡추어탕,다사에서 문양까지 새 길을 찾아,https://cafe.daum.net/woosengzlsamo/FSZF/90
해파랑길/실제/해파랑 08 염포~일산_20230319.gpx,2023-03-18,해파랑길 08,해파랑길 08,https://cafe.daum.net/woosengzlsamo/FSdR/8
2023-03-12 모봉.천을산.우산__20230312_1000.gpx,2023-03-12,모봉.천을산.우산,육신사에서 영벽정까지,https://cafe.daum.net/woosengzlsamo/FSZF/89
2023-03-09 강창역~세천고개__20230309_1011.gpx,2023-03-09,강창역~세천고개,3월 동영상,https://cafe.daum.net/woosengzlsamo/8I5j/612
2023-03-08 문양역~하빈로__20230308_0956.gpx,2023-03-08,문양역~하빈로,3월 동영상,https://cafe.daum.net/woosengzlsamo/8I5j/612
2023-03-08 하빈로~도채골__20230308_1248.gpx,2023-03-08,하빈로~도채골,3월 동영상,https://cafe.daum.net/woosengzlsamo/8I5j/612
대전둘레길/대둘_5-18코스.gpx,2023-03-05,대둘 5/18코스,시랑리 해안 트레킹,https://cafe.daum.net/woosengzlsamo/FSZF/88
해파랑길/실제/해파랑 07 태화강전망대~염포산입구_20230305.gpx,2023-03-05,해파랑길 7,해파랑길 07,https://cafe.daum.net/woosengzlsamo/FSdR/7
해파랑길/해파랑길 1코스(부산).gpx,2023-03-05,10:41:37,해파랑길 07,https://cafe.daum.net/woosengzlsamo/FSdR/7
2023-03-04 용궁사.gpx,2023-03-04,11:20:23,시랑리 해안 트레킹,https://cafe.daum.net/woosengzlsamo/FSZF/88
2023-02-25 다사역-문양역__20230225_1015.gpx,2023-02-25,다사역-문양역,마천산 (196m),https://cafe.daum.net/woosengzlsamo/FSZF/87
2023-02-23 욱수골 안산__20230223_1008.gpx,2023-02-23,욱수골 안산,욱수골 안산(471.4m),https://cafe.daum.net/woosengzlsamo/8I5j/610
해파랑길/실제/해파랑 06 덕하~태화강전망대_20230219.gpx,2023-02-19,해파랑 06_덕하~태화강전망대 2023-02-19,해파랑길 06,https://cafe.daum.net/woosengzlsamo/FSdR/6
2023-02-18 안산__20230218_1009.gpx,2023-02-18,안산,안산,https://cafe.daum.net/woosengzlsamo/FSZF/85
2023-02-12 수목원 산림휴양공간__20230212_1017.gpx,2023-02-12,수목원 산림휴양공간,불루로드 맛기행,https://cafe.daum.net/woosengzlsamo/FSZF/84
2023-02-09 문산__20230209_1042.gpx,2023-02-09,문산,문산,https://cafe.daum.net/woosengzlsamo/8I5j/608
2023-02-04 궁산__20230204_1030.gpx,2023-02-04,궁산,대한민국 요산조산 (궁산),https://cafe.daum.net/woosengzlsamo/FSZF/83
해파랑길/실제/해파랑 05 진하~덕하역_20230205.gpx,2023-02-04,해파랑 05 20230205_진하~덕하역,해파랑길 05,https://cafe.daum.net/woosengzlsamo/FSdR/5
2023-01-28 지산__20230128_1002.gpx,2023-01-28,지산,지산,https://cafe.daum.net/woosengzlsamo/FSZF/81
해파랑길/실제/해파랑 04 임랑~진하_20230129.gpx,2023-01-28,해파랑길 04,해파랑길 04,https://cafe.daum.net/woosengzlsamo/FSdR/4
2023-01-26 묘봉__20230126_1126.gpx,2023-01-26,묘봉,지산,https://cafe.daum.net/woosengzlsamo/FSZF/81
해파랑길/실제/해파랑 03 대변~임랑_20230115.gpx,2023-01-14,해파랑 3코스,해파랑길 03,https://cafe.daum.net/woosengzlsamo/FSdR/2
2023-01-08 다사~모암봉~부곡추어탕__20230108_1000.gpx,2023-01-08,다사~보~부곡추어탕,죽곡산 모암봉,https://cafe.daum.net/woosengzlsamo/FSZF/79
2023-01-07 죽곡산.gpx,2023-01-07,10:03:05,죽곡산 모암봉,https://cafe.daum.net/woosengzlsamo/FSZF/79
2022-12-24 강창~대곡역__20221224_1011.gpx,2022-12-24,강창~대곡역,금호강 낙동강변 트레킹,https://cafe.daum.net/woosengzlsamo/FSZF/78
2022-12-17 강창~설화명곡역__20221217_1005.gpx,2022-12-17,강창~설화명곡역,달성습지,https://cafe.daum.net/woosengzlsamo/FSZF/77
해파랑길/실제/해파랑 02 미포~대변_20221218.gpx,2022-12-17,해파랑 02구간,해파랑길 02,https://cafe.daum.net/woosengzlsamo/FSdR/1
2022-12-10 법이산__20221210_1007.gpx,2022-12-10,법이산,대한민국 요산조산 (법이산),https://cafe.daum.net/woosengzlsamo/FSZF/76
2022-12-08 궁산__20221208_1038.gpx,2022-12-08,궁산,2022.12월 1차 궁산,https://cafe.daum.net/woosengzlsamo/8I5j/607
2022-12-03 은혜사 7암자__20221203_1032.gpx,2022-12-03,은혜사 7암자,은혜사 칠암자 순례,https://cafe.daum.net/woosengzlsamo/FSZF/75
2022-11-26 치미산-비봉산.gpx,2022-11-26,10:36:36,"대한민국 요산조산 (치마산, 비봉산, 금산)",https://cafe.daum.net/woosengzlsamo/FSZF/74
2022-11-24 팔현동~동대사__20221124_1531.gpx,2022-11-24,팔현동~동대사,"대한민국 요산조산 (치마산, 비봉산, 금산)",https://cafe.daum.net/woosengzlsamo/FSZF/74
2022-11-10 팔공산 아름다운 길 __20221110_1019.gpx,2022-11-10,"팔공산 
아름다운 길",팔공산 아름다운 길,https://cafe.daum.net/woosengzlsamo/8I5j/606
2022-11-09 두타베틀바위__20221109_1123.gpx,2022-11-09,두타베틀바위,팔공산 아름다운 길,https://cafe.daum.net/woosengzlsamo/8I5j/606
2022-11-05 담티~한국회수산__20221105_1004.gpx,2022-11-05,담티~한국회수산,"형제산, 팔현봉을 넘으며",https://cafe.daum.net/woosengzlsamo/FSZF/70
2022-10-29 잠룡산__20221029_1049.gpx,2022-10-29,잠룡산,"대한민국 요산조산 (잠룡산, 새까만등)",https://cafe.daum.net/woosengzlsamo/FSZF/69
2022-10-28 주왕산__20221028_1150.gpx,2022-10-28,주왕산,주왕산 단풍 산행,https://cafe.daum.net/woosengzlsamo/FSZF/68
2022-10-25 화왕산__20221025_1027.gpx,2022-10-25,화왕산,화왕산 억새 산행,https://cafe.daum.net/woosengzlsamo/FSZF/73
2022-10-22 약산.gpx,2022-10-22,11:30:51,"약산, 왕영산에서",https://cafe.daum.net/woosengzlsamo/FSZF/67
1.지리산 둘레길/실제/지둘 05_20240309.gpx,2022-10-16,지둘 5구간,"지둘 19 방광에서 산동까지, 5월의 빗길을 따라",https://cafe.daum.net/woosengzlsamo/FTSV/20
2022-10-10 141525__20221010_1415.gpx,2022-10-10,14:15:25,파란 하늘 아래,https://cafe.daum.net/woosengzlsamo/FSZF/65
2022-10-09 113041__20221009_1130.gpx,2022-10-09,11:30:41,파란 하늘 아래,https://cafe.daum.net/woosengzlsamo/FSZF/65
2022-10-01 옥연지-달성보.gpx,2022-10-01,09:42:37,달성보녹색길 변형 2구간 (송해공원-갈실-달성보 ),https://cafe.daum.net/woosengzlsamo/FSZF/64
20220920 Jyrgalan valley__20220920_1330.gpx,2022-09-20,20220920 Jyrgalan valley,,
20220919 altynarasan valley__20220925_1458.gpx,2022-09-19,20220919 altynarasan valley,,
2022-09-16 Razeka station__20220916_1430.gpx,2022-09-16,Razeka station,,
5백두대간/백두 34차 (밤티-장암리)__20220826_0857.gpx,2022-08-26,백두 34차 (밤티-장암리),백두대간 종주기 (34) 밤티 문장대 장암리 구간,https://cafe.daum.net/woosengzlsamo/FPOx/37
5백두대간/백두 35차 (알바.자개지맥)__20220826_0925.gpx,2022-08-26,백두 35차 (알바.자개지맥),백두대간 종주기 (35) 고치령 갈곳산 늦은목이 구간,https://cafe.daum.net/woosengzlsamo/FPOx/38
5백두대간/백두 46차 (웅석지맥2)__20220826_0944.gpx,2022-08-26,대간 46차 (웅석지맥2),,
5백두대간/백두 04차 (성삼재-음정리)__20220825_1201.gpx,2022-08-25,백두 05차 (성삼재-음정리),,
5백두대간/백두 05차 (무령고개-중기리)__20220825_1339.gpx,2022-08-25,백두 05차 (무령고개-중기리),백두대간 종주기 (05) 무령고개 - 영취산 - 중재 구간,https://cafe.daum.net/woosengzlsamo/FPOx/7
5백두대간/백두 22차 (사동리-죽령)__20220825_1812.gpx,2022-08-25,백두 22차 (사동리-죽령),백두대간 종주기 (22) 사동리 - 묘적봉 - 죽령 구간,https://cafe.daum.net/woosengzlsamo/FPOx/25
5백두대간/백두 24차 (버리미기재-삼송리)__20220825_1925.gpx,2022-08-25,백두 24차 (버리미기재-삼송리),백두대간 종주기 (24) 버리미기재 - 대야산 - 고모령 구간,https://cafe.daum.net/woosengzlsamo/FPOx/27
5백두대간/백두 32차 (차갓재 부리기재)__20220825_2100.gpx,2022-08-25,백두 32차 (차갓재 부리기재),백두대간 종주기 (32) 차갓재 대미산 부리기재 구간,https://cafe.daum.net/woosengzlsamo/FPOx/35
5백두대간/백두 36차 (구룡산)__20220825_2147.gpx,2022-08-25,백두 36차 (구룡산),백두대간 종주기 (36) 도래기재 구룡산 곰넘이재 구간﻿,https://cafe.daum.net/woosengzlsamo/FPOx/39
"5백두대간/백두 58차 (땜4, 고치령-배점)__20220825_2142.gpx",2022-08-25,백두 58차 (고치령-배점),"백두대간 종주기 (58, 땜4) 고치령 국망봉 초암사 구간",https://cafe.daum.net/woosengzlsamo/FPOx/61
4한북정맥/실제/한북 3-2 (노채-큰넉)__20220824_1712.gpx,2022-08-24,한북 3-2 (노채-큰넉),한북정맥 종주기 (03) 노채고개~운악산~수원산~국사봉~큰넉고개,https://cafe.daum.net/woosengzlsamo/FPPA/5
4한북정맥/실제/한북 3-3 (노채-큰넉)보완__20220824_1716.gpx,2022-08-24,한북 3-3 (노채-큰넉)보완,한북정맥 종주기 (03) 노채고개~운악산~수원산~국사봉~큰넉고개,https://cafe.daum.net/woosengzlsamo/FPPA/5
4한북정맥/실제/한북 5 (울대-솔)__20220824_1737.gpx,2022-08-24,한북 5 (울대-솔),한북정맥 종주기 (05) 울대고개~도봉산~솔고개,https://cafe.daum.net/woosengzlsamo/FPPA/7
1낙동정맥/실제/낙동 27차 (맹동산)__20220823_1453.gpx,2022-08-23,낙동 27차 (맹동산),,
2022-08-20 수목원-기내미재.gpx,2022-08-20,10:17:20,,
달성보녹색길/달성보녹색길 1__20220820_1017.gpx,2022-08-20,달성보녹색길 1,,
2호남정맥/실제/호남 24차__20220816_1833.gpx,2022-08-16,호남 24차,호남정맥 제19구간(두봉산) 24차 산행②,https://cafe.daum.net/woosengzlsamo/F8Oh/87
2호남정맥/실제/호남 14차__20220815_1245.gpx,2022-08-15,호남 14차,호남정맥 종주기 (14) 과치재-만덕산-선돌고개 구간,https://cafe.daum.net/woosengzlsamo/FPP2/14
2호남정맥/실제/호남 16차__20220815_1540.gpx,2022-08-15,호남 16차,호남정맥 제11구간(치재산) 16차 산행➁,https://cafe.daum.net/woosengzlsamo/F8Oh/55
2022-08-13 북악 인왕산__20220813_1024.gpx,2022-08-13,북악 인왕산,"대한민국 요산조산 (도각봉,해일봉)",https://cafe.daum.net/woosengzlsamo/FSZF/61
4한북정맥/전구간/한북 1차_20220801_1526.gpx,2022-08-01,한북 1차,,
4한북정맥/전구간/한북 2차_20220801_1707.gpx,2022-08-01,한북 2차,,
2022-07-27 대간 61 종결__20220727_1440.gpx,2022-07-27,대간 61 종결,"백두대간 종주＜완＞ (61, 땜7) 피재 덕항산 하사미마을 구간",https://cafe.daum.net/woosengzlsamo/FPOx/64
"5백두대간/백두 61차 (땜7, 피재-둘밭늪)__20220727_1440.gpx",2022-07-27,백두대간 61차 환성산,"백두대간 종주＜완＞ (61, 땜7) 피재 덕항산 하사미마을 구간",https://cafe.daum.net/woosengzlsamo/FPOx/64
5백두대간/백두 50차 (진고개 선자령 나즈목)__20220724_1215.gpx,2022-07-24,백두대간 50 (진고개 선자령 나즈목),백두대간 종주기 (50) 진고개 노인봉 곤신봉 구간,https://cafe.daum.net/woosengzlsamo/FPOx/53
5백두대간/백두 44차 (피재-싸리재)__20220721_1328.gpx,2022-07-21,백두대간 44 (피재-싸리재),백두대간 종주기 (44) 피재 매봉산 두문동재 구간,https://cafe.daum.net/woosengzlsamo/FPOx/47
5백두대간/백두 45차 (천왕봉-외고개)__20220721_1702.gpx,2022-07-21,백두대간 45 (천왕봉-외고개),백두대간 종주기 (45) 중산리 천왕봉 화림사 구간,https://cafe.daum.net/woosengzlsamo/FPOx/48
5백두대간/백두 41차 (선자령)__20220720_1607.gpx,2022-07-20,백두대간 41 선자령,백두대간 종주기 (41) 대관령 선자령 곤신봉 구간,https://cafe.daum.net/woosengzlsamo/FPOx/44
2022-07-16 구절송-백림정_20220716_1007.gpx,2022-07-16,구절송-백림정,대한민국 요산조산 ＜문복산＞,https://cafe.daum.net/woosengzlsamo/FSZF/58
2022-07-17 문복산.gpx,2022-07-16,08:21:51,대한민국 요산조산 ＜문복산＞,https://cafe.daum.net/woosengzlsamo/FSZF/58
2022-07-10 구절송__20220710_1003.gpx,2022-07-10,구절송,대한민국 요산조산 (월배산),https://cafe.daum.net/woosengzlsamo/FSZF/56
2022-07-09 가창댐 월곡지__20220709_0859.gpx,2022-07-08,가창댐 월곡지,대한민국 요산조산 (월배산),https://cafe.daum.net/woosengzlsamo/FSZF/56
2022-07-09 월배산_20220709_0859.gpx,2022-07-08,문복산,대한민국 요산조산 ＜문복산＞,https://cafe.daum.net/woosengzlsamo/FSZF/58
2022-07-09고산산-가창댐.gpx,2022-07-08,08:59:37,대한민국 요산조산 (월배산),https://cafe.daum.net/woosengzlsamo/FSZF/56
2022-06-25 기재골.gpx,2022-06-25,10:20:33,테크노폴리스 우마이에서 푸실거랑 건너 가재거랑 거슬러 오르며,https://cafe.daum.net/woosengzlsamo/FSZF/54
2022-06-25 현풍천 가재골__20220625_1020.gpx,2022-06-25,현풍천 가재골,테크노폴리스 우마이에서 푸실거랑 건너 가재거랑 거슬러 오르며,https://cafe.daum.net/woosengzlsamo/FSZF/54
2022-06-23 용두산__20220623_0904.gpx,2022-06-23,용두산,테크노폴리스 우마이에서 푸실거랑 건너 가재거랑 거슬러 오르며,https://cafe.daum.net/woosengzlsamo/FSZF/54
2022-06-18 앞산 대덕산__20220618_0957.gpx,2022-06-18,앞산 대덕산,"대한민국 요산조산 (앞산, 대덕산)",https://cafe.daum.net/woosengzlsamo/FSZF/53
2022-06-09 용두토성__20220609_1018.gpx,2022-06-09,용두토성,,
2022-06-05 곰배령__20220605_1109.gpx,2022-06-05,곰배령,대한민국 요산조사 (점봉산 곰배령),https://cafe.daum.net/woosengzlsamo/FSZF/52
2022-05-30 청도 남산__20220530_0759.gpx,2022-05-29,청도 남산,"청도 대포산, 남산",https://cafe.daum.net/woosengzlsamo/FRz6/1
2022-05-28 앞산자락길__20220528_1011.gpx,2022-05-28,앞산자락길,5월 끝자락 앞산자락길에서,https://cafe.daum.net/woosengzlsamo/FSZF/51
2022-05-21 백암산__20220521_1133.gpx,2022-05-21,백암산,대한민국 요산조산 (울진 백암산),https://cafe.daum.net/woosengzlsamo/FSZF/50
2022-05-15 잉어등__20220515_1005.gpx,2022-05-15,잉어등,대한민국 요산조산 (잉어등),https://cafe.daum.net/woosengzlsamo/FSZF/49
"2022-05-14 자굴, 한우산__20220514_0905.gpx",2022-05-14,"자굴, 한우산",대한민국 요산조산 (잉어등),https://cafe.daum.net/woosengzlsamo/FSZF/49
2022-05-07 오재봉__20220507_1051.gpx,2022-05-07,오재봉,대한민국 요산조산 (팔공산 오재봉),https://cafe.daum.net/woosengzlsamo/FSZF/48
2022-04-30 대방산 금계산__20220430_1008.gpx,2022-04-30,대방산 금계산,"대한민국 요산 조산 (대방산, 금계산)",https://cafe.daum.net/woosengzlsamo/FSZF/47
양각지맥(분기점~살피재)2022-04-30 092815-REDBUG463.gpx,2022-04-30,심방마을,"대한민국 요산 조산 (대방산, 금계산)",https://cafe.daum.net/woosengzlsamo/FSZF/47
2022-04-20 대니산__20220420_0956.gpx,2022-04-20,대니산,우리나라 좋은 나라(2),https://cafe.daum.net/woosengzlsamo/FSZF/46
북악남측개방코스.gpx,2022-04-20,09:59,우리나라 좋은 나라(2),https://cafe.daum.net/woosengzlsamo/FSZF/46
2022-04-18 동신교회 뒷동산 신규__20220418_1306.gpx,2022-04-18,동신교회 뒷동산 신규,우리나라 좋은 나라(2),https://cafe.daum.net/woosengzlsamo/FSZF/46
2022-04-16 장산_20220416.gpx,2022-04-16,장산,,
5백두대간/백두 43차 (화방재-두문동재)__20220416_1028.gpx,2022-04-16,백두대간 43 (화방재-두문동재),백두대간 종주기 (43) 화방재 함백산 싸리재 구간,https://cafe.daum.net/woosengzlsamo/FPOx/46
2022-04-15 엄나무__20220415_1002.gpx,2022-04-15,엄나무,,
종로구 북악산남측코스__20220411_1038.gpx,2022-04-11,종로구 북악산남측코스,,
2022-04-09 용각산 새트렉__20220409_1043.gpx,2022-04-09,용각산 새트렉,,
2022-04-09 용각산__20220409_1043.gpx,2022-04-09,용각산,,
2022-04-08 형산신규_20220408.gpx,2022-04-08,형산신규,,
2022-03-26 미숭산__20220326_0826.gpx,2022-03-25,미숭산,,
2022-03-16 공산.응봉__20220316_1007.gpx,2022-03-16,공산.응봉,,
2022-03-12 베틀산.gpx,2022-03-12,09:50:57,,
2022-03-12 베틀산__20220312_0950.gpx,2022-03-12,베틀산,,
2022-03-10 대둘 11구간.gpx,2022-03-10,11:11:47,,
2022-03-05 동응해산__20220305_1041.gpx,2022-03-05,동응해산,몸이 굳어지면 마음마저 굳어진다기에,https://cafe.daum.net/woosengzlsamo/FSZF/27
2022-02-27 안매남-삼필봉-한실__20220227_0951.gpx,2022-02-27,안매남-삼필봉-한실,늑절미(늙젊이)들 늦바람 났어요.,https://cafe.daum.net/woosengzlsamo/FSZF/26
2022-02-24 도원지둘레길__20220224_1047.gpx,2022-02-24,도원지둘레길,,
2022-02-19 학산__20220219_1000.gpx,2022-02-19,학산,봄을 기다리며,https://cafe.daum.net/woosengzlsamo/FSZF/25
2022-02-12 대덕산.gpx,2022-02-12,만보정 구급함,겁 없는 늑절미(늙젊이)들,https://cafe.daum.net/woosengzlsamo/FSZF/24
2022-02-20 대덕산__20220212_1002.gpx,2022-02-12,대덕산,겁 없는 늑절미(늙젊이)들,https://cafe.daum.net/woosengzlsamo/FSZF/24
5백두대간/백두 08차 (황점-동엽령)__20220209_1146.gpx,2022-02-09,백두 08차 (황점-동엽령),백두대간 종주기 (8) 황점 - 무룡산 - 동엽령 구간,https://cafe.daum.net/woosengzlsamo/FPOx/10
2022-02-05 095850__20220205_0958.gpx,2022-02-05,09:58:50,입춘 지난 산길에,https://cafe.daum.net/woosengzlsamo/FSZF/23
2022-02-05 형봉 한국회수산__20220205_0958.gpx,2022-02-05,형봉 한국회수산,입춘 지난 산길에,https://cafe.daum.net/woosengzlsamo/FSZF/23
2022-01-29 도각봉.gpx,2022-01-29,10:31:36,,
2022-01-29 현풍 구쌍산 초곡산성.gpx,2022-01-29,현풍 구쌍산 초곡산성  초곡리원점,,
2022-01-27 무학산__20220127_1017.gpx,2022-01-27,무학산,,
2022-01-22 물불산__20220122_1046.gpx,2022-01-22,물불산,대한민국 요산조산 ＜물불산＞,https://cafe.daum.net/woosengzlsamo/FSZF/21
2022-01-16 금정산__20220116_1146.gpx,2022-01-16,금정산,대한민국 요산조산 ＜금정산＞,https://cafe.daum.net/woosengzlsamo/FSZF/20
2022-01-13 범어산.gpx,2022-01-13,범어산,,
2022-01-12 팔둘6__20220112_1103.gpx,2022-01-12,팔둘6,​팔공산둘레길 6구간 이모저모,https://cafe.daum.net/woosengzlsamo/FOP7/23
2022-01-05 장군산__20220105_1014.gpx,2022-01-05,장군산,대한민국 요산조산 ＜하양읍 장군산＞,https://cafe.daum.net/woosengzlsamo/FSZF/19
2021-12-29 팔둘5__20211229_1028.gpx,2021-12-29,팔둘5,​팔공산둘레길 5구간 이모저모,https://cafe.daum.net/woosengzlsamo/FOP7/22
2021-12-23 용지-박물관__20211223_1009.gpx,2021-12-23,용지-박물관,,
2021-12-19 영실_윗세오름.gpx,2021-12-19,09:12:25,겨울 제주 이야기 3. 윗세오름,https://cafe.daum.net/woosengzlsamo/FSZF/18
"2021-12-18 134613, 광주 무등산, 원효탐방센터 옛길 목교 서석대 입석대 장불재 임도 원효사.gpx",2021-12-18,13:46:13,겨울 제주 이야기 3. 윗세오름,https://cafe.daum.net/woosengzlsamo/FSZF/18
2021-12-18 마라도__20211218_1351.gpx,2021-12-18,마라도,"겨울 제주 이야기 2. 주상절리, 마라도, 송악산",https://cafe.daum.net/woosengzlsamo/FSZF/17
2021-12-18 무등산 인왕봉__20211218_1346.gpx,2021-12-18,무등산 인왕봉,겨울 제주 이야기 3. 윗세오름,https://cafe.daum.net/woosengzlsamo/FSZF/18
2021-12-18 주상절리.gpx,2021-12-18,10:33:09,겨울 제주 이야기 3. 윗세오름,https://cafe.daum.net/woosengzlsamo/FSZF/18
2021-12-17 대구_제주.gpx,2021-12-17,09:13:10,겨울 제주 이야기 3. 윗세오름,https://cafe.daum.net/woosengzlsamo/FSZF/18
2021-12-17 성산일출봉.gpx,2021-12-17,13:55:51,겨울 제주 이야기 3. 윗세오름,https://cafe.daum.net/woosengzlsamo/FSZF/18
"2021-12-08 팔공산둘레길 2,3,4.gpx",2021-12-08,10:25:54,"팔공산둘레길 2, 3, 4 구간 이모저모",https://cafe.daum.net/woosengzlsamo/FOP7/21
2021-12-06 백자산.gpx,2021-12-06,14:20:03,"팔공산둘레길 2, 3, 4 구간 이모저모",https://cafe.daum.net/woosengzlsamo/FOP7/21
2021-12-04 대구9산환종주__20211204_0508.gpx,2021-12-03,대구9산환종주,,
2021-12-01 팔공산둘래길 1.gpx,2021-12-01,10:56:44,팔공산둘레길 제1구간 이모저모,https://cafe.daum.net/woosengzlsamo/FOP7/20
2021-11-25 담티 형봉 아양교.gpx,2021-11-25,10:07:59,2021.11.25 ＜담티 - 형봉 - 동촌역 - 아양교＞,https://cafe.daum.net/woosengzlsamo/8I5j/605
2021-11-20 무학산.gpx,2021-11-20,13:55:05,,
2021-11-17 담티~금호강__20211117_1009.gpx,2021-11-17,담티~금호강,2021.11.25 ＜담티 - 형봉 - 동촌역 - 아양교＞,https://cafe.daum.net/woosengzlsamo/8I5j/605
2021-11-17 담티~인터불고__20211117_1009.gpx,2021-11-17,담티~인터불고,2021.11.25 ＜담티 - 형봉 - 동촌역 - 아양교＞,https://cafe.daum.net/woosengzlsamo/8I5j/605
2021-11-17 담티역~아양교역.gpx,2021-11-17,10:09:19,,
2021-11-11 삼갈래봉.gpx,2021-11-11,10:45:39,"2021.11.11 ＜팔공산 삼갈래봉, 성전암＞",https://cafe.daum.net/woosengzlsamo/8I5j/604
2021-11-10 지산__20211110_0925.gpx,2021-11-10,지산,"2021.11.11 ＜팔공산 삼갈래봉, 성전암＞",https://cafe.daum.net/woosengzlsamo/8I5j/604
2021-11-09 동촌__20211109_1703.gpx,2021-11-09,동촌,2021.11.25 ＜담티 - 형봉 - 동촌역 - 아양교＞,https://cafe.daum.net/woosengzlsamo/8I5j/605
2021-11-03 지마산.gpx,2021-11-03,10:18:50,대한민국 요산조산 ＜지마산＞,https://cafe.daum.net/woosengzlsamo/FSZF/14
청룡지맥/실제/청룡지맥 4차 (와룡산)_20211030.gpx,2021-10-30,청룡지맥 4차,"청룡지맥 4차 와룡산, 궁산",https://cafe.daum.net/woosengzlsamo/FQbX/5
2021-10-28 연호산.gpx,2021-10-28,10:39:34,대한민국 요산조산 ＜연호산＞,https://cafe.daum.net/woosengzlsamo/FSZF/13
2021-10-23 청료지맥 앞산 구간.gpx,2021-10-23,10:20:57,청룡지맥 3차 앞산,https://cafe.daum.net/woosengzlsamo/FQbX/4
청룡지맥/실제/청룡지맥 3차 (앞산)_20211023.gpx,2021-10-23,청룡지맥 3차,청룡지맥 3차 앞산,https://cafe.daum.net/woosengzlsamo/FQbX/4
2021-10-13 최정산__20211013_1005.gpx,2021-10-13,최정산,"대한민국 요산조산 (최정산, 주암산)",https://cafe.daum.net/woosengzlsamo/FSZF/11
2021-10-06 청룡지맥 2차 청룡산.gpx,2021-10-06,09:49:15,청룡지맥 2차 청룡산,https://cafe.daum.net/woosengzlsamo/FQbX/3
청룡지맥/실제/청룡지맥 2차 (청룡산)_20211006.gpx,2021-10-06,청룡지맥 2차,청룡지맥 2차 청룡산,https://cafe.daum.net/woosengzlsamo/FQbX/3
2021-10-03 한북 6차1 노고산.gpx,2021-10-03,09:55:56,1+9 숙제를 마치며,https://cafe.daum.net/woosengzlsamo/FPPA/9
2021-10-04 고봉산 등로 추가__20211004_0724.gpx,2021-10-03,고봉산 등로 추가,1+9 숙제를 마치며,https://cafe.daum.net/woosengzlsamo/FPPA/9
2021-10-04 한북 6차2 현달산.gpx,2021-10-03,06:24:21,1+9 숙제를 마치며,https://cafe.daum.net/woosengzlsamo/FPPA/9
2021-10-04 한북 6차4 금정굴.gpx,2021-10-03,08:02:05,1+9 숙제를 마치며,https://cafe.daum.net/woosengzlsamo/FPPA/9
2021-10-04 한북 6차5 장명산.gpx,2021-10-03,08:42:40,1+9 숙제를 마치며,https://cafe.daum.net/woosengzlsamo/FPPA/9
2021-10-04 한북6차3 고봉산.gpx,2021-10-03,07:24:18,1+9 숙제를 마치며,https://cafe.daum.net/woosengzlsamo/FPPA/9
4한북정맥/실제/한북 6-1 (솔고개_농협대)__20211003_0955.gpx,2021-10-03,한북 6-1 (솔고개_농협대),한북정맥 종주기 (06. 끝) 솔고개 ~장명산~공릉천,https://cafe.daum.net/woosengzlsamo/FPPA/8
4한북정맥/실제/한북 6-2 (현달산)__20211004_0624.gpx,2021-10-03,한북 6-1 (현달산),한북정맥 종주기 (06. 끝) 솔고개 ~장명산~공릉천,https://cafe.daum.net/woosengzlsamo/FPPA/8
4한북정맥/실제/한북 6-3 (고봉산)__20211004_0724.gpx,2021-10-03,한북 6-3 (고봉산),한북정맥 종주기 (06. 끝) 솔고개 ~장명산~공릉천,https://cafe.daum.net/woosengzlsamo/FPPA/8
4한북정맥/실제/한북 6-4 (금정굴)__20211004_0802.gpx,2021-10-03,한북 6-4 (금정굴),한북정맥 종주기 (06. 끝) 솔고개 ~장명산~공릉천,https://cafe.daum.net/woosengzlsamo/FPPA/8
4한북정맥/실제/한북 6-5 (장명산)__20211004_0842.gpx,2021-10-03,한북 6-5 (장명산),한북정맥 종주기 (06. 끝) 솔고개 ~장명산~공릉천,https://cafe.daum.net/woosengzlsamo/FPPA/8
2021-10-02 대명유수지.사문진__20211002_1407.gpx,2021-10-02,대명유수지.사문진,1+9 숙제를 마치며,https://cafe.daum.net/woosengzlsamo/FPPA/9
2021-09-25 한북5차 도봉산.gpx,2021-09-24,08:23:32,한북정맥 종주기 (05) 울대고개~도봉산~솔고개,https://cafe.daum.net/woosengzlsamo/FPPA/7
4한북정맥/전구간/한북 5차_20210925_0823.gpx,2021-09-24,한북 5차,"한북정맥 5차 4 (사패능선, 포대능선, 상장능선) 이모저모",https://cafe.daum.net/woosengzlsamo/F9Uy/19
2021-09-18 112535__20210918_1125.gpx,2021-09-18,11:25:35,,
2021-09-15 계룡산 순환산책로__20210915_1739.gpx,2021-09-15,계룡산 순환산책로,,
2021-09-15 계룡산.gpx,2021-09-15,17:39:47,,
2021-09-13 고헌산.gpx,2021-09-13,11:26:28,,
2021-09-12 012541용대리 백담사 용아장성__20210912_0125.gpx,2021-09-11,"01:25:41
용대리 백담사 용아장성",,
2021-09-08 한북5차 (울대-솔).gpx,2021-09-08,한북5차 (울대-솔),한북정맥 종주기 (05) 울대고개~도봉산~솔고개,https://cafe.daum.net/woosengzlsamo/FPPA/7
2021-09-05 정양군묘역 새 등산로__20210905_1001.gpx,2021-09-05,정양군묘역 새 등산로,한북정맥 종주기 (04) 큰넉고개~불국산~울대고개,https://cafe.daum.net/woosengzlsamo/FPPA/6
2021-09-05 큰넉 - 축석령__20210905_1001.gpx,2021-09-05,큰넉 - 축석령,한북정맥 종주기 (04) 큰넉고개~불국산~울대고개,https://cafe.daum.net/woosengzlsamo/FPPA/6
2021-09-06 샘내 - 울대고개__20210906_0629.gpx,2021-09-05,샘내 - 울대고개,한북정맥 종주기 (04) 큰넉고개~불국산~울대고개,https://cafe.daum.net/woosengzlsamo/FPPA/6
4한북정맥/실제/한북 4-1 (큰넉 - 축석령)__20210905_1002.gpx,2021-09-05,한북 4-1 (큰넉 - 축석령),한북정맥 종주기 (04) 큰넉고개~불국산~울대고개,https://cafe.daum.net/woosengzlsamo/FPPA/6
4한북정맥/실제/한북 4-2 (샘내 - 울대고개)__20210906_0630.gpx,2021-09-05,한북 4-1 (샘내 - 울대고개),한북정맥 종주기 (04) 큰넉고개~불국산~울대고개,https://cafe.daum.net/woosengzlsamo/FPPA/6
4한북정맥/전구간/한북 4-1차__20210905_1002.gpx,2021-09-05,한북 4-1차,한북정맥 종주기 (04) 큰넉고개~불국산~울대고개,https://cafe.daum.net/woosengzlsamo/FPPA/6
4한북정맥/전구간/한북 4-2차__20210906_0630.gpx,2021-09-05,한북 4-2차,한북정맥 종주기 (04) 큰넉고개~불국산~울대고개,https://cafe.daum.net/woosengzlsamo/FPPA/6
2021-08-28 학봉(가람봉).gpx,2021-08-28,13:49:46,,
2021-08-25 문복산.gpx,2021-08-24,08:12:47,,
2021-08-18 한북3차(노채-큰넉)__20210818_1151.gpx,2021-08-18,한북3차(노채-큰넉),한북정맥 종주기 (03) 노채고개~운악산~수원산~국사봉~큰넉고개,https://cafe.daum.net/woosengzlsamo/FPPA/5
2021-08-18 한북3차(수원산-큰넉)__20210818_0601.gpx,2021-08-17,한북3차(수원산-큰넉),한북정맥 종주기 (03) 노채고개~운악산~수원산~국사봉~큰넉고개,https://cafe.daum.net/woosengzlsamo/FPPA/5
4한북정맥/실제/한북 3-3 (수원산-큰넉)__20210818_0601.gpx,2021-08-17,한북 3-3 (수원산-큰넉),한북정맥 종주기 (03) 노채고개~운악산~수원산~국사봉~큰넉고개,https://cafe.daum.net/woosengzlsamo/FPPA/5
2021-08-16 강씨봉__20210816_1140.gpx,2021-08-16,강씨봉,"한북정맥 3-1 (백호봉, 강씨봉) 이모저모",https://cafe.daum.net/woosengzlsamo/F9Uy/10
2021-08-17 한북3차(노채-화현)__20210817_0631.gpx,2021-08-16,한북3차(노채-화현),한북정맥 종주기 (03) 노채고개~운악산~수원산~국사봉~큰넉고개,https://cafe.daum.net/woosengzlsamo/FPPA/5
4한북정맥/실제/한북 3-1 (노채-화현)__20210817_0631.gpx,2021-08-16,한북 3-1 (노채-화현),한북정맥 종주기 (03) 노채고개~운악산~수원산~국사봉~큰넉고개,https://cafe.daum.net/woosengzlsamo/FPPA/5
2021-08-14산성산.gpx,2021-08-14,14:44:37,,
2021-07-19 한북2차 노채-무리울마을.gpx,2021-07-18,06:57:33,한북정맥 2-3 (2021.07.19),https://cafe.daum.net/woosengzlsamo/F9Uy/8
4한북정맥/실제/한북 2-2 (노채_무리울)__20210719_0657.gpx,2021-07-18,한북 2-2 (노채_무리울),한북정맥 종주기 (02) 광덕고개~백운산~국망봉~청계산~노채고개,https://cafe.daum.net/woosengzlsamo/FPPA/4
2021-07-01한남2차 광덕산__20210701_0708.gpx,2021-07-17,한남2차 광덕산,,
2021-07-18 한북2차 광덕현-깅씨봉휴양림.gpx,2021-07-17,06:31:31,한북정맥 2-3 (2021.07.19),https://cafe.daum.net/woosengzlsamo/F9Uy/8
4한북정맥/실제/한북 2-1 (광덕_강씨휴양)__20210718_0631.gpx,2021-07-17,한북 2-1 (광덕_강씨휴양),한북정맥 종주기 (02) 광덕고개~백운산~국망봉~청계산~노채고개,https://cafe.daum.net/woosengzlsamo/FPPA/4
4한북정맥/실제/한북 1-2 (광덕산)__20210701.gpx,2021-06-30,한북 02차,한북정맥 1-2 이모저모 (2021.07.01),https://cafe.daum.net/woosengzlsamo/F9Uy/5
4한북정맥/실제/한북 1-1 (수피_하오)__20210630_0613.gpx,2021-06-29,한북 01차,한북정맥 종주기 (01) 수피령~복주산~광덕고개,https://cafe.daum.net/woosengzlsamo/FPPA/3
2021-06-26 천을산__20210626_1113.gpx,2021-06-26,천을산,종주 현황,https://cafe.daum.net/woosengzlsamo/FPPA/2
2021-06-20 억산.gpx,2021-06-20,09:29:31,,
5백두대간/백두 18차 (갈령-장암리)__20210605_0955.gpx,2021-06-05,백두 18차 (갈령-장암리),백두대간 종주기 (18) 갈령 - 천왕봉 -장암리 구간,https://cafe.daum.net/woosengzlsamo/FPOx/20
2021-06-05_지리산_종주_성삼재_중산리.gpx,2021-06-04,지리산 종주 성삼재 중산리,,
청룡지맥/실제/청룡지맥 1차 (비슬산)_20210602.gpx,2021-06-02,청룡지맥 1차_2021-06-02,"청룡지맥 1차 (비슬산) - 1,084봉이 왜 천왕봉이어야 하나?",https://cafe.daum.net/woosengzlsamo/FQbX/2
청룡지맥/실제/청룡지맥 전구간__20210602_1117.gpx,2021-06-02,청룡지맥 전구간,"청룡지맥 1차 (비슬산) - 1,084봉이 왜 천왕봉이어야 하나?",https://cafe.daum.net/woosengzlsamo/FQbX/2
2021-05-22 142220__20210522_1422.gpx,2021-05-22,14:22:20,,
2021-05-19 1139__20210519_1139.gpx,2021-05-19,11:39,비슬산둘레길 10구간 (앞산자락길) 이모저모,https://cafe.daum.net/woosengzlsamo/FOOX/25
비슬산둘레길/실제/비둘 10차__20210519_0953.gpx,2021-05-19,비둘 10차,비슬산둘레길 10구간 (앞산자락길) 이모저모,https://cafe.daum.net/woosengzlsamo/FOOX/25
비슬산둘레길/실제/비둘 09차__20210512_1009.gpx,2021-05-12,비둘 9차,비슬산둘레길 9구간 (신천물길) 이모저모,https://cafe.daum.net/woosengzlsamo/FOOX/23
비슬산둘레길/실제/비둘 08차__20210505_1044.gpx,2021-05-05,비둘 8차,비슬산둘레길 변형 8구간 (가창은행나무길) 이모저모,https://cafe.daum.net/woosengzlsamo/FOOX/21
"비슬산둘레길/실제/비둘 06, 07차__20210414_0944.gpx",2021-04-14,"비둘 6,7차","비슬산둘레길 6,7구간 (청도몰래길과 우록백합나무길) 이모저모",https://cafe.daum.net/woosengzlsamo/FOOX/19
비슬산둘레길/실제/비둘 05차__20210407_1057.gpx,2021-04-07,비둘 5차,비슬산둘레길 5구간(청도웃음길) 이모저모,https://cafe.daum.net/woosengzlsamo/FOOX/17
비슬산둘레길/실제/비둘 04차__20210324_1113.gpx,2021-03-24,비둘 4차,비슬산둘레길 4구간 (석새미송림길) 이모저모,https://cafe.daum.net/woosengzlsamo/FOOX/15
5백두대간/백두 13차  (우두령-괘방령)__20210314_0957.gpx,2021-03-14,백두13차  (우두령-괘방령),백두대간 종주기 ＜13＞ 질매재-황악산-괘방령 구간,https://cafe.daum.net/woosengzlsamo/FPOx/15
비슬산둘레길/실제/비둘 03차__20210303_1045.gpx,2021-03-03,비둘 03차,비슬산둘레길 변형 3구간 (유가테크노길) 이모저모,https://cafe.daum.net/woosengzlsamo/FOOX/13
2021-02-28 샘바우골쉼터-용지봉.gpx,2021-02-28,11:44:10,비슬산둘레길 변형 3구간 (유가테크노길) 이모저모,https://cafe.daum.net/woosengzlsamo/FOOX/13
2021-02-28냉천-샘바우골쉼터_20210228.gpx,2021-02-28,10:08:25,비슬산둘레길 변형 3구간 (유가테크노길) 이모저모,https://cafe.daum.net/woosengzlsamo/FOOX/13
비슬산둘레길/실제/비둘 02차__20210224_1059.gpx,2021-02-24,비둘 02,비슬산둘레길 변형 2구간 (옥연지송해공원길) 이모저모,https://cafe.daum.net/woosengzlsamo/FOOX/12
비슬산둘레길/실제/비둘 01차__20210217_0959.gpx,2021-02-17,비둘 1차,비슬산둘레길 1구간 (화원역사탐방길) 이모저모,https://cafe.daum.net/woosengzlsamo/FOOX/11
비슬산둘레길/실제/비둘 전체__20210217_0959.gpx,2021-02-17,비슬산둘레길 전구간_2021-02-17,비슬산둘레길 변형 2구간 (옥연지송해공원길) 이모저모,https://cafe.daum.net/woosengzlsamo/FOOX/12
4낙남정맥/실제/신낙남 2차.수문_20210207.gpx,2021-02-07,16:32:31,﻿신낙남정맥 종주기 (2) 너더리고개 ~ 보배산 ~ 장락포 ∼ 녹산수문,https://cafe.daum.net/woosengzlsamo/FPP9/20
4낙남정맥/실제/신낙남 2차 (너더리-녹산)_20210207_0805.gpx,2021-02-06,신낙남 2차,신낙남 2차 마지막 구간 이모저모(3),https://cafe.daum.net/woosengzlsamo/F9V2/89
4낙남정맥/실제/신낙남 1차 (장유사-너더리)_20210131_0815.gpx,2021-01-30,신낙남 1차,신낙남정맥 종주기 (1) 장유사 ~ 불모산 ~ 너더리고개,https://cafe.daum.net/woosengzlsamo/FPP9/19
4낙남정맥/실제/낙남 17차 (은하사-매리)_20210124_0822.gpx,2021-01-23,낙남 17차 신어산,낙남정간(맥) 17차 신어산 이모저모 (3),https://cafe.daum.net/woosengzlsamo/F9V2/82
4낙남정맥/실제/낙남 16차 (누릉내미-영운리)_20210117_0815.gpx,2021-01-16,낙남 16차,낙남 16차 수로봉 이모저모,https://cafe.daum.net/woosengzlsamo/F9V2/78
4낙남정맥/실제/낙남 15차 (남산-누릉내미)_20210103_0810.gpx,2021-01-02,낙남 15차,,
4낙남정맥/실제/낙남 14차 (신풍-남산)_20201220_0808.gpx,2020-12-19,낙남 14차,낙남정간 14차 정병산 이모저모,https://cafe.daum.net/woosengzlsamo/F9V2/72
대구둘레길/실제/대둘 16구간__20201216_0957.gpx,2020-12-16,대둘 16구간,대구둘레길 16구간,https://cafe.daum.net/woosengzlsamo/FOP8/17
2020-12-10 100237__20201210_1002.gpx,2020-12-10,10:02:37,12/10우즐모스케치,https://cafe.daum.net/woosengzlsamo/8I5j/599
2020-12-02 102951__20201202_1029.gpx,2020-12-02,10:29:51,,
2020-11-26 100238__20201126_1002.gpx,2020-11-26,10:02:38,11/26우즐모 스케치,https://cafe.daum.net/woosengzlsamo/8I5j/596
대구둘레길/실제/대둘 13구간__20201125_1016.gpx,2020-11-25,대둘13구간,,
2020-11-24 153208__20201124_1532.gpx,2020-11-24,15:32:08,11/26우즐모 스케치,https://cafe.daum.net/woosengzlsamo/8I5j/596
2020-11-20대구골목투어2구간 .gpx,2020-11-20,14:08:00,,
20201121.gpx,2020-11-20,고치령,,
2020-11-18 대둘12구간.gpx,2020-11-18,09:53:20,,
대구둘레길/실제/대둘 12구간__20201118_0953.gpx,2020-11-18,대둘 12구간,,
4낙남정맥/실제/낙남 12차 (한치-말티)_20201115_0823.gpx,2020-11-14,낙남 12차,낙남정간 종주기 (12) 한치 ~ 무학산 ~ 말티,https://cafe.daum.net/woosengzlsamo/FPP9/12
2020-11-12 100903__20201112_1009.gpx,2020-11-12,10:09:03,,
2020-11-11 102350__20201111_1023.gpx,2020-11-11,10:23:50,,
2020-11-08 103638__20201108_1036.gpx,2020-11-08,10:36:38,,
대구둘레길/실제/대둘 11구간__20201104_1109.gpx,2020-11-04,대둘 11구간,,
통일전망대신고소제진검문소통일전망대차량이동.gpx,2020-11-02,통일전망대신고소-제진검문소)통일전망대 차량이동,"여항산에서 본 함안,창원",https://cafe.daum.net/woosengzlsamo/8I5j/593
4낙남정맥/실제/낙남 11차 (오곡-한치)_20201101_0807.gpx,2020-10-31,낙남11차 여항산,낙남정간 종주기 (11) 오곡재 - 여항산 - 한치,https://cafe.daum.net/woosengzlsamo/FPP9/11
옥순봉-구담봉(2020-10-24).gpx,2020-10-24,09:29:48,,
2020-10-22 대둘 7코스__20201022_1005.gpx,2020-10-22,대둘 7코스,대둘 7구간 서재문양길 이모저모 (2),https://cafe.daum.net/woosengzlsamo/8I5j/589
4낙남정맥/실제/낙남 10차 (남성-오곡)_20201018_0946.gpx,2020-10-18,낙남 10차 (남성치-오곡재),낙남정간 종주기 (10) 남성재 - 준봉산 - 오곡재,https://cafe.daum.net/woosengzlsamo/FPP9/10
2020-10-15 이천동__20201015_1353.gpx,2020-10-15,이천동,,
2020-10-11 노적봉__20201011_1026.gpx,2020-10-11,노적봉,,
2020-10-07 제약산릿지.gpx,2020-10-07,10:34:34,10/8가을 정취,https://cafe.daum.net/woosengzlsamo/8I5j/586
4낙남정맥/실제/낙남 09차 (장전-남성)_20201004_0840.gpx,2020-10-03,낙남 09차,낙남정맥 9구간 (필두산) 산행③,https://cafe.daum.net/woosengzlsamo/F9V2/51
대구둘레길/실제/대둘 10구간__20200928_1000.gpx,2020-09-28,대둘 10구간,,
2020-09-24 대둘5구간.gpx,2020-09-24,10:27:12,대둘 5구간 무태팔달길 이모저모,https://cafe.daum.net/woosengzlsamo/8I5j/584
"대구둘레길/실제/대둘 08, 09변형__20200923_1014.gpx",2020-09-23,"대둘 08, 09변형","대둘 8구간, 문양강창길을 걸으며",https://cafe.daum.net/woosengzlsamo/FUsg/8
4낙남정맥/실제/낙남 08차 (배곡-장전).gpx,2020-09-19,08:33:01,낙남정간 종주기 (08) 배곡고개 - 천왕산 - 장전고개,https://cafe.daum.net/woosengzlsamo/FPP9/8
2020-09-13 앞산 대덕산.gpx,2020-09-12,08:52:01,,
5백두대간/백두 48차 (구룡령-조침령)__20200913_0358.gpx,2020-09-12,백두대간 48 (구룡령-조침령),백두대간 종주기 (48) 구룡령 갈전곡봉 조침령 구간,https://cafe.daum.net/woosengzlsamo/FPOx/51
2020-09-10 대둘4구간.gpx,2020-09-10,09:58:51,대둘 4구간(공산무태길) 이모저모,https://cafe.daum.net/woosengzlsamo/8I5j/583
2020-09-09 아양루.gpx,2020-09-09,09:44:34,대둘 4구간(공산무태길) 이모저모,https://cafe.daum.net/woosengzlsamo/8I5j/583
2020-09-05 연호산__20200905_1109.gpx,2020-09-05,연호산,,
2020-08-30 도각봉.gpx,2020-08-30,10:40:48,,
2020-08-19 앞산야간.gpx,2020-08-19,17:39:09,낙남정맥 종주기 (07) 돌장고개 - 봉대산 - 배곡고개,https://cafe.daum.net/woosengzlsamo/FPP9/7
4낙남정맥/실제/낙남 07차 (돌장-배곡)_20200816_0824.gpx,2020-08-15,낙남 07차,낙남정맥 종주기 (07) 돌장고개 - 봉대산 - 배곡고개,https://cafe.daum.net/woosengzlsamo/FPP9/7
2020-08-13 천지갑산.gpx,2020-08-13,11:49:24,천지갑산 스케치2,https://cafe.daum.net/woosengzlsamo/8I5j/580
2020-08-12 복호산.지룡산.gpx,2020-08-12,10:39:35,천지갑산 스케치2,https://cafe.daum.net/woosengzlsamo/8I5j/580
2020-08-09 함박산.gpx,2020-08-09,10:31:15,,
2020-08-03 호거산__20200803_0724.gpx,2020-08-02,호거산,,
2020-08-01 옹강산__20200801_0803.gpx,2020-07-31,옹강산,,
5백두대간/백두 30차 (하늘재-조령)__20200801_0821.gpx,2020-07-31,백두 30차 (하늘재-조령),백두대간 종주기 (30) 하늘재 탄항산 조령 구간,https://cafe.daum.net/woosengzlsamo/FPOx/33
해파랑길/실제/해파랑 01 오륙도~해운대_20200718.gpx,2020-07-18,10:25:55,,
2020-07-15 102108__20200715_1021.gpx,2020-07-15,10:21:08,,
2020-07-14_08-17-50운문사주차장-방음산-장군봉-서래봉-못안폭포-못안골-운문사주차장.gpx,2020-07-13,방음산,,
2020-07-09 대둘3구간__20200709_1022.gpx,2020-07-09,대둘3구간,대둘3구간 (평광공산길) 이모저모,https://cafe.daum.net/woosengzlsamo/FSZF/4
4낙남정맥/실제/낙남 05차 (선덜-진주)_20200705_0825.gpx,2020-07-04,낙남 06차 (),,
2020-06-28 082547__20200628_0825.gpx,2020-06-27,08:25:47,가지산북봉산행,https://cafe.daum.net/woosengzlsamo/8I5j/576
5백두대간/백두 28차 (이화령-분지안말)__20200621_0937.gpx,2020-06-21,백두 28차 (이화령-분지안말),백두대간 종주기 (28) 이화령 백화산 사다리재 구간,https://cafe.daum.net/woosengzlsamo/FPOx/31
2020-06-14 1150__20200614_1150.gpx,2020-06-14,11:50,,
대구둘레길/실제/대둘 03구간__20200603_1025.gpx,2020-06-03,대둘 03구간,,
2020-05-25 대둘2구간__20200525_1040.gpx,2020-05-25,대둘2구간,대둘 2구간(매여평광길) 이모저모,https://cafe.daum.net/woosengzlsamo/8I5j/575
대구둘레길/실제/대둘 02구간__20200525_1040.gpx,2020-05-25,대둘 02구간,,
대구둘레길/실제/대둘 01구간__20200522_1011.gpx,2020-05-22,대둘 01구간,,
2020-05-11황매__20200511_1158.gpx,2020-05-11,황매,"대한민국 요산조산 (황매산, 영암산)",https://cafe.daum.net/woosengzlsamo/FSZF/5
2020-05-10주산 0951__20200510_0951.gpx,2020-05-10,09:51,"천수봉, 주산",https://cafe.daum.net/woosengzlsamo/FSZF/2
5백두대간/백두 17차 (화령-갈령)__20200502_0812.gpx,2020-05-01,백두 17차 (화령-갈령),백두대간 종주기 (17) 화령재-봉황산-갈령 구간,https://cafe.daum.net/woosengzlsamo/FPOx/19
2020-04-30 팔공산 칠암자_20221202_161634.xml.gpx,2020-04-29,07:55,,
2020-04-23 1406ㅡ1__20200423_1406.gpx,2020-04-23,14:06ㅡ1,,
2020-04-23 1427__20200423_1427.gpx,2020-04-23,14:27,,
2020-04-21 청도자연휴양림__20200421_1028.gpx,2020-04-21,청도자연휴양림,비슬산 참꽃도 홀로 피고 지고,https://cafe.daum.net/woosengzlsamo/FSZF/1
2020-04-18 1429__20200418_1429.gpx,2020-04-18,14:29,비슬산 참꽃도 홀로 피고 지고,https://cafe.daum.net/woosengzlsamo/FSZF/1
2020-04-16 입구__20200416_1704.gpx,2020-04-16,입구,비슬산 참꽃도 홀로 피고 지고,https://cafe.daum.net/woosengzlsamo/FSZF/1
4낙남정맥/실제/낙남 04차 (백토-선덜)_20200216_0845.gpx,2020-02-15,낙남4차,낙남정맥 4구간 (옥정봉) 산행③,https://cafe.daum.net/woosengzlsamo/F9V2/28
5백두대간/백두 16차  (지기재-화령재)__20200215_0831.gpx,2020-02-14,백두 16 (지기재-화령재),백두대간 종주기 (16) 지기재-윤지미산-화령재 구간,https://cafe.daum.net/woosengzlsamo/FPOx/18
4낙남정맥/실제/낙남 03차 (길마-백토)_20200202_0910.gpx,2020-02-02,낙남3차,1.3종주대 현금출납장 (2020.2/2),https://cafe.daum.net/woosengzlsamo/F9V2/24
4낙남정맥/실제/낙남 02차 (청학-길마)_20200119_0844.gpx,2020-01-18,낙남2차,신낙남 2차 마지막 구간 이모저모(3),https://cafe.daum.net/woosengzlsamo/F9V2/89
5백두대간/백두 07차 (육십령-황점)__20200118_0953.gpx,2020-01-18,대간 07차 (육십령-황점),백두대간 종주기 (07) 육십령 - 장수덕유 - 월성치 구간,https://cafe.daum.net/woosengzlsamo/FPOx/9
남파랑 34~47_사천.남해.하동__20200117_1716.gpx,2020-01-17,남파랑길 34~47코스 (사천·남해·하동),"남파랑길 33, 34코스, 상족암군립공원",https://cafe.daum.net/woosengzlsamo/FUqQ/24
남파랑길/실제/남파랑 15~16_20200117.gpx,2020-01-17,남파랑 15~16,"남파랑길 고성 15, 16구간",https://cafe.daum.net/woosengzlsamo/FUqQ/14
남파랑길/실제/남파랑 17~18__20200117_1040.gpx,2020-01-17,남파랑 17~18,"남파랑길 17, 18구간 - 한글, 문자 그 이상의 힘",https://cafe.daum.net/woosengzlsamo/FUqQ/15
남파랑길/실제/남파랑 30~31_20260118.gpx,2020-01-17,남파랑 30~31,"남파랑길 30, 31코스 일부, 황소와 우리 사회의 ‘코뚜레’",https://cafe.daum.net/woosengzlsamo/FUqQ/22
5백두대간/백두 10차 (빼재-덕산재)__20200114_0957.gpx,2020-01-14,백두 10차 (빼재-덕산재),백두대간 종주기 (10) 빼재 - 대덕산 - 덕산재 구간,https://cafe.daum.net/woosengzlsamo/FPOx/12
5백두대간/백두 09차 (수령-안성)__20200107_1012.gpx,2020-01-07,백두 09차 (수령-안성),,
4낙남정맥/실제/낙남 01차 (거림-묵계)_20200105_0841.gpx,2020-01-04,낙남1차,낙남정간 종주기 (01) 거림 - 삼신봉 - 묵계리 청학동,https://cafe.daum.net/woosengzlsamo/FPP9/1
2019-12-25작은가야산 미테오로 ORUX.gpx,2019-12-24,주차장,우생즐 191226 활동사진,https://cafe.daum.net/woosengzlsamo/8I5j/567
2019-12-21 1358__20191221_1358.gpx,2019-12-21,13:58,,
팔공산둘레길/팔공산둘레길16-2(능성재-갓바위 만남의 광장_20191214_1300.gpx,2019-12-14,팔공산둘레길16-2(능성재-갓바위 만남의 광장,팔공산 둘레길 16-2구간 ＜능성재 - 갓바위 만남의 광장＞,https://cafe.daum.net/woosengzlsamo/FOP7/19
2019-12-12 1003__20191212_1003.gpx,2019-12-12,10:03,산행력 3 (2016년 - 2019년),https://cafe.daum.net/woosengzlsamo/8I5j/565
2019-12-01 한남12차.문수산__20191201_1054.gpx,2019-12-01,한남12차.문수산,한남정맥 종주기 (12) 장승고개 - 문수산 - 보구곶,https://cafe.daum.net/woosengzlsamo/FPP8/13
3한남정맥/실제/한남 12차 (장승고개-보구곶)__20191201_1054.gpx,2019-12-01,한남 12차,한남정맥 종주기 (12) 장승고개 - 문수산 - 보구곶,https://cafe.daum.net/woosengzlsamo/FPP8/13
팔공산둘레길/팔공산둘레길15(약사암 입구 삼거리-능성재)_20191129_1154.gpx,2019-11-29,팔공산둘레길15(약사암 입구 삼거리-능성재),팔공산 둘레길 15구간 ＜약사암 입구 - 능성재＞,https://cafe.daum.net/woosengzlsamo/FOP7/17
팔공산둘레길/팔공산둘레길16-1(능성재-갓바위 만남의 광장)_20191129_1538.gpx,2019-11-29,팔공산둘레길16-1(능성재-갓바위 만남의 광장),팔공산 둘레길 16-2구간 ＜능성재 - 갓바위 만남의 광장＞,https://cafe.daum.net/woosengzlsamo/FOP7/19
2019-11-28 1012성암산.gpx,2019-11-28,10:12,성암산 옥실봉 이모저모,https://cafe.daum.net/woosengzlsamo/8I5j/563
팔공산둘레길/팔공산둘레길14(은해사-약사암 입구 삼거리)_20191129_0858.gpx,2019-11-28,팔공산둘레길14(은해사-약사암 입구 삼거리),팔공산 둘레길 14구간 ＜ 은해사 - 약사암 입구 삼거리＞,https://cafe.daum.net/woosengzlsamo/FOP7/16
3한남정맥/실제/한남 11차 (문고개-장승고개)__20191117_1113.gpx,2019-11-17,한남 11차,한남정맥11구간(가현산) 산행(3),https://cafe.daum.net/woosengzlsamo/F9Uz/58
5백두대간/백두 14차 (괘방령-추풍령)__20191117_0959.gpx,2019-11-17,백두 14차 (괘방령-추풍령),백두대간 종주기 (14) 괘방령 - 눌의산 - 추풍령 구간,https://cafe.daum.net/woosengzlsamo/FPOx/16
2019-11-14 다랑골산-농막 .gpx,2019-11-14,12:14,11월 1차 정기산행 (다랑골산) 이모저모,https://cafe.daum.net/woosengzlsamo/8I5j/560
팔공산둘레길/팔공산둘레길11(치산마을-부귀사)_20191114_0947.gpx,2019-11-14,팔공산둘레길11(치산마을-부귀사),팔공산 둘레길 11구간 ＜치산마을 - 부귀사＞,https://cafe.daum.net/woosengzlsamo/FOP7/13
팔공산둘레길/팔공산둘레길12(부귀사-신원리캠핑장)_20191114_1236.gpx,2019-11-14,팔공산둘레길12(부귀사-신원리캠핑장),팔공산 둘레길 12구간 ＜부귀사 - 신원리 캠핑장＞,https://cafe.daum.net/woosengzlsamo/FOP7/14
팔공산둘레길/팔공산둘레길13(신원리캠핑장-은해사)_20191114_1421.gpx,2019-11-14,팔공산둘레길13(신원리캠핑장-은해사),팔공산 둘레길 13구간 ＜신원리 캠핑장 - 은해사＞,https://cafe.daum.net/woosengzlsamo/FOP7/15
2019-11-09 비로봉.gpx,2019-11-09,11:31,,
2019-11-07 다랑골산.삼성산.gpx,2019-11-07,10:34,가을속의 대구수목원 스케치,https://cafe.daum.net/woosengzlsamo/8I5j/558
팔공산둘레길/팔공산둘레길09(제2석굴암-가호2리)_20191104_1000.gpx,2019-11-04,팔공산둘레길09(제2석굴암-가호2리),팔공산 둘레길 9구간 ＜제2 석굴암 - 가호2리 마을정자＞,https://cafe.daum.net/woosengzlsamo/FOP7/11
팔공산둘레길/팔공산둘레길10(가호2리~치산마을)_20191104_1246.gpx,2019-11-04,팔공산둘레길10(가호2리~치산마을),팔공산 둘레길 10구간 ＜가호2리 - 치산마을 삼거리＞,https://cafe.daum.net/woosengzlsamo/FOP7/12
2019-11-03한남10차 계양산 .gpx,2019-11-03,10:32,한남정맥 종주기 (10) 아나지고개 - 계양산 - 문고개 구간,https://cafe.daum.net/woosengzlsamo/FPP8/11
3한남정맥/실제/한남 10차 (아나지-문고개)__20191103_1032.gpx,2019-11-03,한남 10차,한남정맥 종주기 (10) 아나지고개 - 계양산 - 문고개 구간,https://cafe.daum.net/woosengzlsamo/FPP8/11
2019-10-24 1019__20191024_1019.gpx,2019-10-24,10:19,우생 19.10.24 진밭골 동영싱,https://cafe.daum.net/woosengzlsamo/8I5j/557
2019-10-20 1한남 9차 성주산.gpx,2019-10-20,10:24,한남정맥 종주기 (09) 여우고개 - 성주산 - 아나지고개 구간,https://cafe.daum.net/woosengzlsamo/FPP8/10
3한남정맥/실제/한남 09차 (여우고개-아나지고개)__20191020_1024.gpx,2019-10-20,한남 09차,한남정맥 종주기 (09) 여우고개 - 성주산 - 아나지고개 구간,https://cafe.daum.net/woosengzlsamo/FPP8/10
2019-10-12 과거길.새재.gpx,2019-10-12,10:25,우생2019.10.10 와룡산 동영상,https://cafe.daum.net/woosengzlsamo/8I5j/554
2019-10-12 문경새재__20191012_1025.gpx,2019-10-12,문경새재,우생2019.10.10 와룡산 동영상,https://cafe.daum.net/woosengzlsamo/8I5j/554
2019-10-10 1226__20191010_1226.gpx,2019-10-10,12:26,우생2019.10.10 와룡산 동영상,https://cafe.daum.net/woosengzlsamo/8I5j/554
2019-10-06 1007__20191006_1007.gpx,2019-10-06,10:07,한남정맥 종주기 (08) 목감초 - 운흥산 - 여우고개 구간,https://cafe.daum.net/woosengzlsamo/FPP8/9
2019-09-29 경산10 천성난__20190929_0904.gpx,2019-09-29,경산10 천성난,한남정맥 구간별 종주(12구간) 계획표,https://cafe.daum.net/woosengzlsamo/F9Uz/43
2019-09-26 사리암__20190926_1116.gpx,2019-09-26,사리암,9/26 청도투어,https://cafe.daum.net/woosengzlsamo/8I5j/551
2019-09-22경산시계9구간 금박산.gpx,2019-09-21,08:45,,
팔공산둘레길/팔공산둘레길06(대왕재-진남문)_20190920_0957.gpx,2019-09-20,팔공산둘레길06(대왕재-진남문),팔공산 둘레길 6구간 ＜대왕재 - 진남문＞,https://cafe.daum.net/woosengzlsamo/FOP7/8
팔공산둘레길/팔공산둘레길07(진남문-윗산당마을)_20190920_1305.gpx,2019-09-20,팔공산둘레07(진남문-윗산당마을),팔공산 둘레길 7구간 ＜진남문 - 윗산당마을＞,https://cafe.daum.net/woosengzlsamo/FOP7/9
팔공산둘레길/팔공산둘레길08(윗산당마을-팔공산석굴암)_20190920_1559.gpx,2019-09-20,팔공산둘레08(윗산당마을-팔공산석굴암),팔공산 둘레길 8구간 ＜윗산당마을 - 제2석굴암＞,https://cafe.daum.net/woosengzlsamo/FOP7/10
2019-09-19 북한산 백운대.gpx,2019-09-19,10:40,,
2019-09-08 와룡산사령봉__20190908_1024.gpx,2019-09-08,와룡산사령봉,,
2019-09-03상림숲2.gpx,2019-09-03,15:02,,
2019-09-03장수산숲길.gpx,2019-09-03,10:33,,
팔공산둘레길/팔공산둘레길01(종합안내센터-팔공문화원)_20190826_0921.gpx,2019-08-26,팔공산둘레길01(종합안내센터-팔공문화원),팔공산 둘레길 1구간 팔공산둘레길 종합안내센터 - 팔공문화원,https://cafe.daum.net/woosengzlsamo/FOP7/3
팔공산둘레길/팔공산둘레길02(팔공문화원-부남교)_20190826_1226.gpx,2019-08-26,팔공산둘레길02(팔공문화원-부남교),팔공산 둘레길 2구간 ＜공산동 팔공문화원 팔공문화원 - 부남교＞,https://cafe.daum.net/woosengzlsamo/FOP7/4
팔공산둘레길/팔공산둘레길03(부남교-내동마을)_20190826_1405.gpx,2019-08-26,팔공산둘레길03(부남교-내동마을),팔공산 둘레길 3구간 ＜부남교 - 내동마을 내지＞,https://cafe.daum.net/woosengzlsamo/FOP7/5
팔공산둘레길/팔공산둘레길04(내동마을-덕곡삼거리)_20190826_1448.gpx,2019-08-26,팔공산둘레길04(내동마을-덕곡삼거리),팔공산 둘레길 4구간 ＜내지 - 덕곡 삼거리＞,https://cafe.daum.net/woosengzlsamo/FOP7/6
팔공산둘레길/팔공산둘레길05(덕곡삼거리-대왕재)_20190826_1640.gpx,2019-08-26,팔공산둘레길05(덕곡삼거리-대왕재),팔공산 둘레길 5구간 ＜덕곡 삼거리 - 대왕재＞,https://cafe.daum.net/woosengzlsamo/FOP7/7
2019-08-25 대왕암__20190825_1026.gpx,2019-08-25,대왕암,운문코스,https://cafe.daum.net/woosengzlsamo/8I5j/550
2019-08-22서산.gpx,2019-08-22,10:15,8/22 우중의 산행(송림사부근),https://cafe.daum.net/woosengzlsamo/8I5j/546
3한남정맥/실제/한남 07차 (지지대-목감초)__20190818_1022.gpx,2019-08-18,한남 07차,한남정맥 종주기 (07) 지지대고개 - 수리산 - 목감초등 구간,https://cafe.daum.net/woosengzlsamo/FPP8/8
2019-08-11 망일봉.함지산.gpx,2019-08-11,09:22,,
2019-08-08 1631__20190808_1631.gpx,2019-08-08,16:31,8/8(목)한 날의 추억,https://cafe.daum.net/woosengzlsamo/8I5j/545
대구둘레길/실제/대둘 15구간__20190807_1142.gpx,2019-08-07,대둘 15구간,대구둘레길 15구간,https://cafe.daum.net/woosengzlsamo/FOP8/16
2019-08-06 밀양 백운산.gpx,2019-08-06,10:22,8/8(목)한 날의 추억,https://cafe.daum.net/woosengzlsamo/8I5j/545
2019-08-05 중국 장백산(백두산) 3일차.gpx,2019-08-04,ACTIVE LOG-072519,,
2019-08-03 중국 장백산(백두산) 1일차.gpx,2019-08-03,ACTIVE LOG-104121,,
2019-07-25 금봉산숲길.gpx,2019-07-25,10:39,19. 07. 25. 두유공원 둘레길 사진1,https://cafe.daum.net/woosengzlsamo/8I5j/544
2019-07-21 1008__20190721_1008.gpx,2019-07-21,10:08,한남정맥 6구간 (광교산) 산행①,https://cafe.daum.net/woosengzlsamo/F9Uz/34
3한남정맥/실제/한남 06차 (포은로-지지대고개)__20190721_1020.gpx,2019-07-21,한남 06차,한남정맥 6구간 (광교산) 산행①,https://cafe.daum.net/woosengzlsamo/F9Uz/34
2019-07-18 가은산.gpx,2019-07-18,09:21,,
3한남정맥/실제/한남 05차 (작고개-상현초)__20190707_1000.gpx,2019-07-07,한남 05차,한남정맥 종주기 (05) 작고개 ~ 선장산 ~ 상현초교 구간,https://cafe.daum.net/woosengzlsamo/FPP8/6
2019-06-30 경산시경계 7. 구룡산.gpx,2019-06-30,경산시경계 7. 구룡산,,
2019-06-20.무주백운산0.gpx,2019-06-20,10:00,,
2019-06-16.금남04.석성산.gpx,2019-06-16,09:46,,
3한남정맥/실제/한남 04차 (무너미-작고개)__20190616_0946.gpx,2019-06-16,한남 04차,한남정맥 종주기 (04) 무너미고개 ~ 석성산 ~ 작고개 구간,https://cafe.daum.net/woosengzlsamo/FPP8/5
2019-06-13 단산__20190613_1007.gpx,2019-06-13,단산,단산 기록,https://cafe.daum.net/woosengzlsamo/8I5j/539
2019-06-09 불로고분군.gpx,2019-06-09,10:34,,
3한남정맥/실제/한남 03차 (57국도-무너미고개)__20190602_0952.gpx,2019-06-02,하남 03차,한남정맥 3구간 (문수봉) 산행①,https://cafe.daum.net/woosengzlsamo/F9Uz/17
대구둘레길/실제/대둘 14구간__20190602_1025.gpx,2019-06-02,대둘 14구간,,
2019-05-20 천왕 제약.gpx,2019-05-20,11:06,한남정맥 종주기 (02) 가현치 ~ 구봉산 ~ 두창고개 구간,https://cafe.daum.net/woosengzlsamo/FPP8/3
2019-05-21 0854__20190521_0854.gpx,2019-05-20,08:54,한남정맥 종주기 (02) 가현치 ~ 구봉산 ~ 두창고개 구간,https://cafe.daum.net/woosengzlsamo/FPP8/3
2019-05-21 금수원__20190521_0854.gpx,2019-05-20,금수원,한남정맥 종주기 (02) 가현치 ~ 구봉산 ~ 두창고개 구간,https://cafe.daum.net/woosengzlsamo/FPP8/3
2019-05-19 한남.02.구봉산.gpx,2019-05-19,09:50,한남정맥 종주기 (02) 가현치 ~ 구봉산 ~ 두창고개 구간,https://cafe.daum.net/woosengzlsamo/FPP8/3
3한남정맥/실제/한남 02차 (가현-두창고개)__20190519_0950.gpx,2019-05-19,한남 02차,한남정맥 종주기 (02) 가현치 ~ 구봉산 ~ 두창고개 구간,https://cafe.daum.net/woosengzlsamo/FPP8/3
2019-05-17 1406__20190517_1406.gpx,2019-05-17,14:06,한남정맥 종주기 (02) 가현치 ~ 구봉산 ~ 두창고개 구간,https://cafe.daum.net/woosengzlsamo/FPP8/3
2019-05-09 예전손칼국수__20190509_1016.gpx,2019-05-09,예전손칼국수,2019. 5. 9. 범어산 둘레길 걷기 동영상,https://cafe.daum.net/woosengzlsamo/8I5j/532
3한남정맥/실제/한남 01차 (칠장산-가현)__20190505_0929.gpx,2019-05-05,한남 01차,한남정맥 1구간 (칠장산) 산행⑤,https://cafe.daum.net/woosengzlsamo/F9Uz/8
2019-04-28 1000__20190428_1000.gpx,2019-04-28,10:00,,
2019-04-25 1016__20190425_1016.gpx,2019-04-25,10:16,2018. 4. 25 천을산 사진 모음 2,https://cafe.daum.net/woosengzlsamo/8I5j/528
3금북정맥/실제/금북 20차__20190407_1038.gpx,2019-04-07,금북 20차,금북정맥 20구간 (지령산) 산행④,https://cafe.daum.net/woosengzlsamo/F9V1/116
3금북정맥/실제/금북 19차__20190317_1002.gpx,2019-03-17,금북 19차,금북정맥 19구간 (매봉산) 산행③,https://cafe.daum.net/woosengzlsamo/F9V1/110
3금북정맥/실제/금북 18차__20190303_1025.gpx,2019-03-03,금북 18차,금북정맥 종주기 (18) 수량재 백화산 모래기재 구간,https://cafe.daum.net/woosengzlsamo/FPP7/18
3금북정맥/실제/금북 17차__20190217_0941.gpx,2019-02-17,금북 17차,금북정맥 17구간 (금강산) 산행③,https://cafe.daum.net/woosengzlsamo/F9V1/98
5백두대간/백두 42차 (곰넘이재-화방재)__20190216_0808.gpx,2019-02-15,백두 42차 (곰넘이재-화방재),백두대간 종주기 (42) 곰넘이재 태백산 화방재 구간,https://cafe.daum.net/woosengzlsamo/FPOx/45
5백두대간/백두 39차 (삽당령 -닭목령)__20190208_0942.gpx,2019-02-08,백두 39차 (삽당령 -닭목령),백두대간 종주기 (39) 삽당령 석두봉 닭목령 구간,https://cafe.daum.net/woosengzlsamo/FPOx/42
대구둘레길/실제/대둘 05구간__20190204_1032.gpx,2019-02-04,대둘 05구간,,
대구둘레길/실제/대둘 06구간__20190204_1321.gpx,2019-02-04,대둘 06구간,,
3금북정맥/실제/금북 16차__20190120_0955.gpx,2019-01-20,금북 16차,금북정맥 16구간 (간대산) 산행③,https://cafe.daum.net/woosengzlsamo/F9V1/94
3금북정맥/실제/금북 15차__20190106_0425.gpx,2019-01-05,금북 15차,금북정맥 15구간 (가야산) 무박산행④,https://cafe.daum.net/woosengzlsamo/F9V1/89
3금북정맥/실제/금북 14차__20181216_0946.gpx,2018-12-16,금북 14차,금북정맥 14구간 (덕숭산) 산행④,https://cafe.daum.net/woosengzlsamo/F9V1/82
5백두대간/백두 15차  (추풍령-큰재)__20181208_0948.gpx,2018-12-08,백두 15차  (추풍령-큰재),백두대간 종주기 (15) 추풍령 - 용문산 - 큰재 구간,https://cafe.daum.net/woosengzlsamo/FPOx/17
비슬산둘레길/실제/비둘 11차__20181205_0921.gpx,2018-12-05,비둘 11차,,
3금북정맥/실제/금북 13차__20181202_0958.gpx,2018-12-02,금북 13차,금북정맥 종주기 ＜13＞ 생미고개 - 남산 - 하고개 구간,https://cafe.daum.net/woosengzlsamo/FPP7/13
3금북정맥/실제/금북 12차__20181118_0927.gpx,2018-11-18,금북 12차,금북정맥 종주기 ＜12＞ 물편고개 - 오서산 - 생미고개 구간,https://cafe.daum.net/woosengzlsamo/FPP7/12
3금북정맥/실제/금북 11차__20181104_0930.gpx,2018-11-04,금북 11차,금북정맥 종주기 ＜11＞ 큰골고개 - 백월산 - 물편고개 구간,https://cafe.daum.net/woosengzlsamo/FPP7/11
3금북정맥/실제/금북 10차__20181021_0940.gpx,2018-10-21,금북 10차,금북정맥 10구간 (문박산) 산행④,https://cafe.daum.net/woosengzlsamo/F9V1/57
2018-10-14-북한산숨은벽능선.gpx,2018-10-14,09:58:58,,
2018-10-13 능동산-천황산-재약산-층층폭포-코끼리봉.gpx,2018-10-12,05:11,,
3금북정맥/실제/금북 09차__20181007_0902.gpx,2018-10-07,금북 09차,금북정맥 종주기 ＜09＞ 차동고개 - 국사봉 - 분골고개 구간,https://cafe.daum.net/woosengzlsamo/FPP7/8
2018-09-29 북한산숨은벽.gpx,2018-09-29,북한산숨은벽,,
3금북정맥/실제/금북 08차__20180916_0920.gpx,2018-09-16,금북 08차,금북정맥 종주기 ＜08＞ 탑곡교 - 천방산 - 차동고개 구간,https://cafe.daum.net/woosengzlsamo/FPP7/10
5백두대간/백두 26 (분지리-은티)__20180916_0958.gpx,2018-09-16,백두대간 26 (분지리-은티),백두대간 종주기 (26) 평전치 - 희양산 - 지름티 구간,https://cafe.daum.net/woosengzlsamo/FPOx/29
4한북정맥/전구간/한북 6차_20180909_0037.gpx,2018-09-08,한북 6차,한북정맥 (6차 - 마직막 4) 장명산,https://cafe.daum.net/woosengzlsamo/F9Uy/23
대구둘레길/실제/대둘 04구간__20180907_1437.gpx,2018-09-07,대둘 04구간,,
3금북정맥/실제/금북 07차__20180902_0909.gpx,2018-09-02,금북 07차,금북정맥 종주기 ＜07＞ 차령 - 석산 - 곡두고개 구간,https://cafe.daum.net/woosengzlsamo/FPP7/7
대구둘레길/실제/대둘 09구간__20180824_1554.gpx,2018-08-24,대둘 09구간,,
3금북정맥/실제/금북 06차__20180819_0932.gpx,2018-08-19,금북 06차,금북정맥 6구간 (국사봉) 산행③,https://cafe.daum.net/woosengzlsamo/F9V1/36
대구둘레길/실제/대둘 08구간__20180817_1124.gpx,2018-08-17,대둘 08구간,"대둘 8구간, 문양강창길을 걸으며",https://cafe.daum.net/woosengzlsamo/FUsg/8
대구둘레길/실제/대둘 07구간__20180817_0811.gpx,2018-08-16,대둘 07구간,,
3금북정맥/실제/금북 05차__20180715_0921.gpx,2018-07-15,금북 05차,금북정맥 종주기 ＜05＞ 돌고개 -고려산 - 덕고개 구간,https://cafe.daum.net/woosengzlsamo/FPP7/5
3금북정맥/실제/금북 04차__20180701_0947.gpx,2018-07-01,금북 04차,금북정맥 4구간 (취암산) 산행①,https://cafe.daum.net/woosengzlsamo/F9V1/23
5백두대간/백두 03차 (거림-의신)__20180623_0943.gpx,2018-06-23,백두 05차 (거림-의닌),,
5백두대간/백두 40차 (닭목령-대관령)__20180619_1035.gpx,2018-06-19,백두대간 40 (닭목령-대관령),백두대간 종주기 (40) 닭목령 고루포기산 대관령 구간,https://cafe.daum.net/woosengzlsamo/FPOx/43
3금북정맥/실제/금북 03차__20180617_0933.gpx,2018-06-17,금북 03차,금북정맥 3구간 (성거산) 산행②,https://cafe.daum.net/woosengzlsamo/F9V1/17
3금북정맥/실제/금북 02차__20180603_0912.gpx,2018-06-03,금북 02차,금북정맥 2구간 (서운산) 산행④,https://cafe.daum.net/woosengzlsamo/F9V1/12
2018-05-27 0900__20180527_0900.gpx,2018-05-27,09:00,,
3금북정맥/실제/금북 01차__20180520_0929.gpx,2018-05-20,금북 01차,금북정맥 종주기 ＜01＞ 칠장사 - 칠현산 - 옥정재 구간,https://cafe.daum.net/woosengzlsamo/FPP7/1
2018-05-07 0929_칠장사새길.gpx,2018-05-07,09:29,한남금북정맥 제12구간(칠장산) 12차(종산) 산행④,https://cafe.daum.net/woosengzlsamo/F9V0/62
2018-05-07한금12.칠장산.gpx,2018-05-07,09:29,한남금북정맥 제12구간(칠장산) 12차(종산) 산행④,https://cafe.daum.net/woosengzlsamo/F9V0/62
3한남금북/실제/한남금북 12차__20180507_0930.gpx,2018-05-07,한남금북 12차,한남금북정맥 제12구간(칠장산) 12차(종산) 산행④,https://cafe.daum.net/woosengzlsamo/F9V0/62
왕건길ㆍ실제/팔공산 왕건길 07코스 가팔환초길.gpx,2018-05-02,Track 001,,
왕건길ㆍ실제/팔공산 왕건길 08코스 구사일생길.gpx,2018-05-02,Track 001,,
5백두대간/백두 37차 (백복령-이기동)__20180501_1057.gpx,2018-05-01,백두 37차 (백복령-이기동),백두대간 종주기 (37) 백복령 상월산 이기령 구간,https://cafe.daum.net/woosengzlsamo/FPOx/40
3한남금북/실제/한남금북 11차__20180415_0919.gpx,2018-04-15,한남금북 11차,한남금북정맥 제11구간(마이산) 11차 산행④,https://cafe.daum.net/woosengzlsamo/F9V0/56
4한북정맥/전구간/한북 3차_20180408_0328.gpx,2018-04-07,한북 3차,,
3한남금북/실제/한남금북 10차__20180401_0849.gpx,2018-03-31,한남금북 10차,한남금북정맥 제10구간(소속리산) 10차 산행④,https://cafe.daum.net/woosengzlsamo/F9V0/50
5백두대간/백두 06차 (무령고개-육십령)__20180324_1054.gpx,2018-03-24,백두 06차 (무령고개-육십령),백두대간 종주기 (06) 무령 - 영취산 - 육십령 구간,https://cafe.daum.net/woosengzlsamo/FPOx/8
3한남금북/실제/한남금북 09차__20180318_0842.gpx,2018-03-17,한남금북 09차,한남금북정맥 제9구간(큰산;보덕산) 9차 산행③,https://cafe.daum.net/woosengzlsamo/F9V0/44
3한남금북/실제/한남금북 08차__20180304_0853.gpx,2018-03-03,한남금북 08차,한남금북정맥 종주기 ＜08＞ 모래재 - 보광산 - 행치 구간,https://cafe.daum.net/woosengzlsamo/FPP6/7
3한남금북/실제/한남금북 07차__20180204_0842.gpx,2018-02-03,한남금북 07차,한남금북정맥 종주기 ＜07＞ 분젓치 - 좌구산 - 모래재 구간,https://cafe.daum.net/woosengzlsamo/FPP6/6
5백두대간/백두 33차 (박마을-안생달)__20180130_0943.gpx,2018-01-30,백두 32차 (박마을-안생달),백두대간 종주기 (32) 차갓재 대미산 부리기재 구간,https://cafe.daum.net/woosengzlsamo/FPOx/35
3한남금북/실제/한남금북 06차__20180121_0900.gpx,2018-01-21,한남금북 06차,한남금북6차,https://cafe.daum.net/woosengzlsamo/F9V0/25
5백두대간/백두 20차 (벌재-남조리)__20180120_1011.gpx,2018-01-20,백두 20차 (벌재-남조리),백두대간 종주기 (20) 벌재 - 촛대봉 - 싸리재 구간,https://cafe.daum.net/woosengzlsamo/FPOx/23
3한남금북/실제/한남금북 05차__20180107_0847.gpx,2018-01-06,한남금북 05차,한남금북정맥 종주기 ＜05＞ 추정재 - 선도산 - 현암 삼거리 구간,https://cafe.daum.net/woosengzlsamo/FPP6/4
5백두대간/백두 19차 (늘재-삼송리)__20180101_0930.gpx,2018-01-01,백두 19차 (늘재-삼송리),백두대간 종주기 (19) 늘재-청화산-고모령 구간,https://cafe.daum.net/woosengzlsamo/FPOx/21
3한남금북/실제/한남금북 04차__20171217_0836.gpx,2017-12-16,한남금북 04차,한남금북정맥 종주기 ＜04＞ 대안고개 - 국사봉 - 추정재 구간,https://cafe.daum.net/woosengzlsamo/FPP6/3
2017-12-14 유달산 일등바위.gpx,2017-12-14,13:53,목포 고하도 및 유달산의 이모저모,https://cafe.daum.net/woosengzlsamo/8I5j/473
3한남금북/실제/한남금북 03차__20171203_0824.gpx,2017-12-02,한남금북 03차,한남금북정맥 제3구간(구봉산) 3차 산행②,https://cafe.daum.net/woosengzlsamo/F9V0/13
5백두대간/백두 21차 (저수령-고항치)__20171121_1007.gpx,2017-11-21,백두 21차 (저수령-고항치),백두대간 종주기 (21) 싸리재 - 솔봉 - 묘적령 구간,https://cafe.daum.net/woosengzlsamo/FPOx/24
3한남금북/실제/한남금북 02차__20171119_0824.gpx,2017-11-18,한남금북 02차,한남금북정맥 종주기 ＜02＞ 말티 - 광대수산 - 구티 구간﻿﻿,https://cafe.daum.net/woosengzlsamo/FPP6/2
2017-11-16 금정산하늘릿찌.gpx,2017-11-16,09:38,,
3한남금북/실제/한남금북 01차__20171105_0829.gpx,2017-11-04,한남금북 01차,한남금북정맥1구간,https://cafe.daum.net/woosengzlsamo/F9V0/3
2금남정맥/실제/금남 13차__20171015_0930.gpx,2017-10-15,금남 13차,금남정맥13차-2,https://cafe.daum.net/woosengzlsamo/F8Ol/67
1.지리산 둘레길/실제/지둘 08_20240608.gpx,2017-10-10,지리산둘레길 08,지리산둘레길 08 (운리～덕산 ),https://cafe.daum.net/woosengzlsamo/FTSV/8
2금남정맥/실제/금남 12차__20170917_1025.gpx,2017-09-17,금남 12차,금남정맥 제9-2구간(수정봉) 12차 산행②,https://cafe.daum.net/woosengzlsamo/F8Ol/62
2017-09-07 영월 선바위산 순경산(7.6km).gpx,2017-09-07,1028봉(삼거리),,
2금남정맥/실제/금남 11차__20170903_0904.gpx,2017-09-03,금남 11차,금남정맥 제9-1구간(계룡산) 11차 산행③,https://cafe.daum.net/woosengzlsamo/F8Ol/59
2금남정맥/실제/금남 10차__20170820_0917.gpx,2017-08-20,금남 10차,금남정맥 제11구간(성항산) 10차 산행②,https://cafe.daum.net/woosengzlsamo/F8Ol/53
대구골목투어/대구_중구_골목투어_4코스_삼덕_봉산_문화길.gpx,2017-08-13,대구_중구_골목투어_04코스_삼덕_봉산_문화길.gpx,,
왕건길ㆍ실제/팔공산_왕건길_6코스_호연지기길.gpx,2017-08-12,12906(재보정),,
대구골목투어/대구_중구_골목투어_3코스_패션_한방길.gpx,2017-08-11,대구_중구_골목투어_03코스_패션_한방길.gpx,,
대구골목투어/대구_중구_골목투어_5코스_남산_100년_향수길.gpx,2017-08-11,12705(재보정),,
2금남정맥/실제/금남 09차__20170806_0937.gpx,2017-08-06,금남 09차,금남정맥 제10구간(팔재산) 9차 산행②,https://cafe.daum.net/woosengzlsamo/F8Ol/49
달성보녹색길/달성보녹색길1(수목원~기세리)__20170726_0853.gpx,2017-07-25,달성보녹색길1(수목원~기세리),,
2금남정맥/실제/금남 08차__20170716_0854.gpx,2017-07-15,금남 08차,금남정맥 종주기 ＜8＞ 황령재 - 천호산 - 맨재 구간,https://cafe.daum.net/woosengzlsamo/FPP3/8
2금남정맥/실제/금남 07차__20170702_0912.gpx,2017-07-02,금남 07차,금남정맥 제7구간(함박봉) 7차 산행③,https://cafe.daum.net/woosengzlsamo/F8Ol/39
칠곡 한티가는길_20221223_110253/한티 3__20170701_0919.gpx,2017-07-01,한티 3,금남정맥 제7구간(함박봉) 7차 산행③,https://cafe.daum.net/woosengzlsamo/F8Ol/39
5백두대간/백두 12차 (우두령-삼마골재)__20170620_1017.gpx,2017-06-20,백두 15차 (우두령-삼마골재),백두대간 종주기 (15) 추풍령 - 용문산 - 큰재 구간,https://cafe.daum.net/woosengzlsamo/FPOx/17
2금남정맥/실제/금남 06차__20170618_0854.gpx,2017-06-17,금남 06차,금남정맥 종주기 ＜6＞ 배티재 - 대둔산 - 수락재 구간,https://cafe.daum.net/woosengzlsamo/FPP3/6
칠곡 한티가는길_20221223_110253/한티2__20170610_0920.gpx,2017-06-10,한티2,,
2금남정맥/실제/금남 05-1_20170604_0900.gpx,2017-06-04,09:00,금남정맥 종주기 ＜5＞ 백령고개 - 인대산 - 돌맥이재 구간,https://cafe.daum.net/woosengzlsamo/FPP3/5
2금남정맥/실제/금남 05-2_20170604_1314.gpx,2017-06-04,13:14,금남정맥 종주기 ＜5＞ 백령고개 - 인대산 - 돌맥이재 구간,https://cafe.daum.net/woosengzlsamo/FPP3/5
2금남정맥/실제/금남 05차__20170604_0900.gpx,2017-06-04,금남 05차,금남정맥 종주기 ＜5＞ 백령고개 - 인대산 - 돌맥이재 구간,https://cafe.daum.net/woosengzlsamo/FPP3/5
칠곡 한티가는길_20221223_110253/한티 가는 길 전체__20170604_0944.gpx,2017-06-04,한티 가는 길 전체,금남정맥 종주기 ＜5＞ 백령고개 - 인대산 - 돌맥이재 구간,https://cafe.daum.net/woosengzlsamo/FPP3/5
칠곡 한티가는길_20221223_110253/한티1_20170604.gpx,2017-06-04,한티1,금남정맥 종주기 ＜5＞ 백령고개 - 인대산 - 돌맥이재 구간,https://cafe.daum.net/woosengzlsamo/FPP3/5
2금남정맥/실제/금남 04차__20170521_0916.gpx,2017-05-21,금남 04차,금남정맥 제4구간(백암산) 4차 산행③,https://cafe.daum.net/woosengzlsamo/F8Ol/28
5백두대간/백두 29차 (이화령~고사리마을)__20170520_1046.gpx,2017-05-20,백두 28차 (이화령~고사리마을),백두대간 종주기 (28) 이화령 백화산 사다리재 구간,https://cafe.daum.net/woosengzlsamo/FPOx/31
2금남정맥/실제/금남 03-1_20170507_0913.gpx,2017-05-07,09:13,금남정맥 종주기 ＜3＞ 피암목재 - 장군봉 - 싸리재 구간,https://cafe.daum.net/woosengzlsamo/FPP3/3
2금남정맥/실제/금남 03-2_20170507_1552.gpx,2017-05-07,15:52,금남정맥 종주기 ＜3＞ 피암목재 - 장군봉 - 싸리재 구간,https://cafe.daum.net/woosengzlsamo/FPP3/3
2금남정맥/실제/금남 03차__20170507_0913.gpx,2017-05-07,금남 03차,금남정맥 종주기 ＜3＞ 피암목재 - 장군봉 - 싸리재 구간,https://cafe.daum.net/woosengzlsamo/FPP3/3
2금남정맥/실제/금남 02차__20170416_0855.gpx,2017-04-15,금남 02차,금남정맥 제2구간(운장산) 2차 산행③,https://cafe.daum.net/woosengzlsamo/F8Ol/16
2금남정맥/실제/금남 01차__20170402_0936.gpx,2017-04-02,금남 01차,금남정맥 제1구간(연석산) 1차 산행③,https://cafe.daum.net/woosengzlsamo/F8Ol/9
"5백두대간/백두 59차 (땜5, 매요리-고기 )__20170311_1036.gpx",2017-03-11,백두대간 59 (매요리-고기 ),"백두대간 종주기 (59, 땜5) 고기리 고남산 매요리 구간",https://cafe.daum.net/woosengzlsamo/FPOx/62
2호남정맥/실제/호남 36차__20170219_0918.gpx,2017-02-19,호남 36차,호남정맥 종주기 (36. 끝) 탄치 - 국사봉 - 외망포구 구간,https://cafe.daum.net/woosengzlsamo/FPP2/36
2호남정맥/실제/호남 35차__20170205_0906.gpx,2017-02-05,호남 35차,호남정맥 종주기 (35) 회두마을 - 쫓비산 - 탄치 구간,https://cafe.daum.net/woosengzlsamo/FPP2/35
속리산둘레길/실제/속둘 02_230417.gpx,2017-02-05,갈림(좌향),,
2017-01-25 0426__20170125_0426.gpx,2017-01-24,04:26,,
3금북정맥/금북정맥10구간_물편이ㅡ오서산ㅡ공주봉ㅡ생미고개ㅡ꽃조개_20170115_063940.gpx,2017-01-15,보령고개,,
2호남정맥/실제/호남 34차__20170115_0850.gpx,2017-01-14,호남 34차,,
2호남정맥/실제/호남 33차__20170101_0517.gpx,2016-12-31,호남  33차,,
2호남정맥/실제/호남 32차__20161220_0940.gpx,2016-12-20,호남 32차,호남정맥 종주기 (32) 송치 - 농암산 - 미사치 구간,https://cafe.daum.net/woosengzlsamo/FPP2/32
2호남정맥/실제/호남 31차__20161204_0918.gpx,2016-12-04,호남 31차,호남정맥 제31구간(바랑산) 36차 산행②,https://cafe.daum.net/woosengzlsamo/F8Oh/136
2호남정맥/실제/호남 30차__20161120_0921.gpx,2016-11-20,호남 30차,호남정맥 종주기 (30) 접치 - 오성산 - 노고치 구간,https://cafe.daum.net/woosengzlsamo/FPP2/30
2호남정맥/실제/호남 29차__20161106_0959.gpx,2016-11-06,호남 29차,호남정맥 종주기 (29) 빈계재 - 조계산 - 접치 구간,https://cafe.daum.net/woosengzlsamo/FPP2/29
2호남정맥/실제/호남 28차__20161016_0919.gpx,2016-10-16,호남 28차,호남정맥 제28구간(존제산) 33차 산행①,https://cafe.daum.net/woosengzlsamo/F8Oh/123
2호남정맥/실제/호남 27차__20161002_1043.gpx,2016-10-02,호남 27차,호남정맥 종주기 (27) 오도재 ∼ 주월산 ∼ 모암재 구간,https://cafe.daum.net/woosengzlsamo/FPP2/27
2호남정맥/실제/호남 26차__20160904_0954.gpx,2016-09-04,호남 26차,호남정맥 제26구간(봉화산) 31차 산행①,https://cafe.daum.net/woosengzlsamo/F8Oh/115
2호남정맥/실제/호남 25차__20160821_1010.gpx,2016-08-21,호남 25차,호남정맥 제25구간(일림산) 30차 산행①,https://cafe.daum.net/woosengzlsamo/F8Oh/111
2호남정맥/실제/호남 23차__20160717_0956.gpx,2016-07-17,호남 23차,호남정맥 종주기 (23) 피재-용두산-감나무재 구간,https://cafe.daum.net/woosengzlsamo/FPP2/23
2호남정맥/실제/호남 22차__20160703_0948.gpx,2016-07-03,호남 22차,호남정맥 종주기 (22) 곰재-가지산-피재 구간,https://cafe.daum.net/woosengzlsamo/FPP2/22
2호남정맥/실제/호남 21차__20160619_1037.gpx,2016-06-19,호남 21차,호남정맥 종주기 (21) 가위재-봉미산-곰재 구간,https://cafe.daum.net/woosengzlsamo/FPP2/21
2호남정맥/실제/호남 20차__20160605_0942.gpx,2016-06-05,호남 20차,호남정맥 제20구간(계당산) 25차 산행②,https://cafe.daum.net/woosengzlsamo/F8Oh/93
2호남정맥/실제/호남 19차__20160515_0923.gpx,2016-05-15,호남 19차,호남정맥 19차 두봉산 구간의 이모저모,https://cafe.daum.net/woosengzlsamo/F8Oh/84
"5백두대간/백두 55차 (땜1, 댓재-환선굴)__20160514_1112.gpx",2016-05-14,"백두 55차 (땜1, 댓재-환선굴)","백두대간 종주기 ＜55,땜1＞ 댓재-황장산-환선굴 구간",https://cafe.daum.net/woosengzlsamo/FPOx/58
2호남정맥/실제/호남 18차__20160501_0938.gpx,2016-05-01,호남 18차,호남정맥 종주기 (18) 묘치 - 천운산 - 돗재 구간,https://cafe.daum.net/woosengzlsamo/FPP2/18
2호남정맥/실제/호남 12차__20160103_0903.gpx,2016-01-03,호남 12차,호남정맥 제12구간(강천산/왕자봉) 17차 산행➁,https://cafe.daum.net/woosengzlsamo/F8Oh/59
2호남정맥/실제/호남 10차__20151206_0932.gpx,2015-12-06,호남 10차,,
2호남정맥/실제/호남 09차__20151122_0946.gpx,2015-11-22,호남 09차,호남정맥 종주기 ＜9＞ 곡두재-대각산-밀재 구간,https://cafe.daum.net/woosengzlsamo/FPP2/9
2호남정맥/실제/호남 08차__20151101_0943.gpx,2015-11-01,호남 08차,호남정맥 종주기 ＜8＞ 추령-내장산-곡두재 구간,https://cafe.daum.net/woosengzlsamo/FPP2/8
2호남정맥/실제/호남 07차__20151025_0932.gpx,2015-10-25,호남 07차,호남정맥 제7구간(고당산) 12차 산행➁,https://cafe.daum.net/woosengzlsamo/F8Oh/39
2호남정맥/실제/호남 06차__20151004_1031.gpx,2015-10-04,호남 06차,호남정맥 종주기 ＜6＞ 구절재-사자산-굴재 구간,https://cafe.daum.net/woosengzlsamo/FPP2/6
5백두대간/백두 53차 (한계령~ 백담사)__20151004_0332.gpx,2015-10-03,백두대간 53 (한계령~ 백담사),백두대간 종주기 (53) 한계령 대청봉 공룡능선 구간,https://cafe.daum.net/woosengzlsamo/FPOx/56
2호남정맥/실제/호남 05차__20150906_1021.gpx,2015-09-06,호남 05차,호남정맥 제5구간(묵방산) 10차 산행➁,https://cafe.daum.net/woosengzlsamo/F8Oh/30
2호남정맥/실제/호남 04차__20150823_0952.gpx,2015-08-23,호남 04차,호남정맥 제4구간(오봉산) 9차 산행➁,https://cafe.daum.net/woosengzlsamo/F8Oh/25
2호남정맥/실제/호남 03차__20150802_1019.gpx,2015-08-02,호남 03차,호남정맥 종주기 ＜3＞ 슬치-경각산-불재 구간,https://cafe.daum.net/woosengzlsamo/FPP2/3
2호남정맥/실제/호남 02차__20150726_0943.gpx,2015-07-26,호남 02차,호남정맥 종주기 ＜2＞ 마치-박이뫼-슬치 구간,https://cafe.daum.net/woosengzlsamo/FPP2/2
2호남정맥/실제/호남 01차__20150705_0928.gpx,2015-07-05,호남 01차,호남정맥 제1구간(만덕산) 산행➁,https://cafe.daum.net/woosengzlsamo/F8Oh/8
2금남호남/실제/금호남 5차__20150628_0920.gpx,2015-06-28,금호남 5차,금남호남정맥 종주기 ＜5＞ 활인동치-부귀산-모래재 구간,https://cafe.daum.net/woosengzlsamo/FPP1/5
2호남정맥/실제/호남 15차__20150619_1814.gpx,2015-06-19,호남 15차,호남정맥 제10구간(추월산) 15차 산행➁,https://cafe.daum.net/woosengzlsamo/F8Oh/49
2호남정맥/실제/호남 13차__20150615_1320.gpx,2015-06-15,호남 13차,호남정맥 제8구간(신선봉) 13차 산행➁,https://cafe.daum.net/woosengzlsamo/F8Oh/43
2금남호남/실제/금호남 4차__20150607_0941.gpx,2015-06-07,금호남 4차,﻿﻿﻿금남호남정맥 종주기 ＜4＞ 신광치-성수산-마이산-활인동치 구간,https://cafe.daum.net/woosengzlsamo/FPP1/4
신광치-성수산-마이산-강정골재.2015-06-07 0941.gpx,2015-06-07,09:41,﻿﻿﻿금남호남정맥 종주기 ＜4＞ 신광치-성수산-마이산-활인동치 구간,https://cafe.daum.net/woosengzlsamo/FPP1/4
2호남정맥/실제/호남 11차__20150606_0448.gpx,2015-06-06,호남 11차,호남정맥 제6구간(왕자산) 11차 산행➁,https://cafe.daum.net/woosengzlsamo/F8Oh/34
2금남호남/실제/금호남 3차__20150524_0922.gpx,2015-05-24,금호남 3차,금남호남정맥 종주기 ＜3＞ 자고개-팔공산-신광재 구간,https://cafe.daum.net/woosengzlsamo/FPP1/3
2금남호남/실제/금호남 2차_20150503.gpx,2015-05-03,09:10,금남호남정맥 제2구간(신무산) 산행➀,https://cafe.daum.net/woosengzlsamo/F8Og/10
2금남호남/실제/금호남 1차__20150426_1005.gpx,2015-04-26,금남호남 1차,금남호남정맥 제1구간(장안산) 산행➀,https://cafe.daum.net/woosengzlsamo/F8Og/6
2015-03-08 것고개-보구곳리__20150308_0725.gpx,2015-03-07,것고개-보구곳리,,
5백두대간/백두 38차 (성삼재-고기리)__20150125_1013.gpx,2015-01-25,백두 39차 (성삼재-고기리),백두대간 종주기 (39) 삽당령 석두봉 닭목령 구간,https://cafe.daum.net/woosengzlsamo/FPOx/42
"왕건길ㆍ실제/왕건길3,4,5(부남교~평광종점)수정.gpx",2015-01-15,갈림,,
1낙동정맥/실제/낙동 01차 보충 (대티-몰운대)__20150113_1110.gpx,2015-01-13,낙동 01차 보충 (대티-몰운대),낙동정맥 종주기 ＜1＞ 몰운대 - 구덕산 - 개금고개 구간,https://cafe.daum.net/woosengzlsamo/FPOz/1
왕건길ㆍ실제/부인사길(부남교~미곡동).gpx,2014-12-30,공산터널,,
"왕건길ㆍ실제/왕건길1,2(파군재~부남교).gpx",2014-12-30,246.8m,8. 구사일생길,https://cafe.daum.net/woosengzlsamo/FOOS/9
2014-12-25_평창_계방산.gpx,2014-12-25,10:00,"용두산, 산성산, 사방산 이모저모＜2014.12.25＞",https://cafe.daum.net/woosengzlsamo/8I5j/367
1낙동정맥/실제/낙동 30차 (유리산)__20141109_0442.gpx,2014-11-08,낙동 30차 (유리산),낙동정맥 종주기 ＜30＞ 피나무재-유리산-가사령 구간,https://cafe.daum.net/woosengzlsamo/FPOz/30
1낙동정맥/실제/낙동 28차 (포도산)__20141005_0920.gpx,2014-10-05,낙동 28차 (포도산),,
1낙동정맥/실제/낙동 26차 (추령)__20140914_0844.gpx,2014-09-13,낙동 26차 (추령),,
4낙남정맥/신낙남/신낙남2(너더리_녹산교).gpx,2014-09-02,251.9m,,
1낙동정맥/실제/낙동 25차 (삼선산)__20140817_0952.gpx,2014-08-17,낙동 25차 (삼선산),,
2호남정맥/실제/호남 17차__20140727_1052.gpx,2014-07-27,호남 17차,,
1낙동정맥/실제/낙동 24차 (검마산)__20140720_0929.gpx,2014-07-20,낙동 24차 (검마산),낙동정맥 종주기 ＜24＞ 검마산휴양림-검마산-윗삼승령 구간,https://cafe.daum.net/woosengzlsamo/FPOz/24
1낙동정맥/실제/낙동 23차 (용릉산)__20140629_0918.gpx,2014-06-29,낙동 23차 (용릉산),낙동정맥 종주기 ＜23＞ 애미랑재-칠보산-한티재 구간,https://cafe.daum.net/woosengzlsamo/FPOz/23
2014-06-29 점봉산.gpx,2014-06-28,04:12,낙동정맥 종주기 ＜23＞ 애미랑재-칠보산-한티재 구간,https://cafe.daum.net/woosengzlsamo/FPOz/23
2014-06-15 통고산.gpx,2014-06-15,08:58,낙동17차 5구간 : 답운치ㅡ통고산 ㅡ애미랑재,https://cafe.daum.net/woosengzlsamo/FPOy/94
20140612명봉산.gpx,2014-06-12,09:50,"솔숲 터널이 반겨주는 대구 칠곡 명봉산 산행(401.7m, 2014.6.12.우생즐사모)",https://cafe.daum.net/woosengzlsamo/8I5j/339
20140608 화원휴양림ㅡ용문산.gpx,2014-06-08,20140608 화원휴양림ㅡ용문산,135종주대 낙동정맥 종주 일정계획표(최종),https://cafe.daum.net/woosengzlsamo/FPOy/93
1낙동정맥/실제/1.낙동정맥전구간.gpx,2014-05-31,1.낙동정맥전구간,,
1낙동정맥/실제/낙동 21차(용인등봉)__20140601_0427.gpx,2014-05-31,낙동 21차(용인등봉),,
20140601석개재-답운치.gpx,2014-05-31,04:27,낙동정맥 종주기 ＜21＞ 석개재-진조산-답운치 구간,https://cafe.daum.net/woosengzlsamo/FPOz/21
2014-05-22법광사-비학산.gpx,2014-05-22,10:21,비학산(2014. 5. 22),https://cafe.daum.net/woosengzlsamo/8I5j/335
2014-05-18낙동.운봉산 .gpx,2014-05-18,09:41,낙동15차-26구간 운봉산,https://cafe.daum.net/woosengzlsamo/FPOy/81
2014-05-08 와룡산용미봉.gpx,2014-05-08,10:39,가는 곳마다 봉우리가 반겨주는 대구 성서 와룡산 산행(2014.5.8.우생즐사모),https://cafe.daum.net/woosengzlsamo/8I5j/333
2014-05-04 지경-천성산.gpx,2014-05-04,09:08,낙동14차ㅡ25구간,https://cafe.daum.net/woosengzlsamo/FPOy/77
"3금북정맥/금북 18, 수량재-물래산-오석산-백화산-모래기재.gpx",2014-04-26,100봉,,
5백두대간/백두 54차 (미시령-진부령)__20140427_0149.gpx,2014-04-26,백두대간 54 (미시령-진부령),백두대간 종주기 (54) 미시령 마산 진부령 구간. 종주후기. 참고,https://cafe.daum.net/woosengzlsamo/FPOx/57
2014-04-24_비슬산.gpx,2014-04-24,0001276,"비슬산 천왕봉 1084m, 대견봉 1034m 참꽃 산행 스케치(우생즐사모, 2014.4.24)♬",https://cafe.daum.net/woosengzlsamo/8I5j/330
1낙동정맥/실제/ㅡ낙동20_간월산_2014-04-20.gpx,2014-04-20,0001274,낙동정맥 종주기 ＜20＞ 배내고개-간월산-지경고개 구간,https://cafe.daum.net/woosengzlsamo/FPOz/20
1낙동정맥/실제/낙동 18차 (고헌산)__20140330_0853.gpx,2014-03-29,낙동18차 (고헌산),낙동정맥 종주기 ＜18＞ 소호고개-백운산-고헌산-외항재 구간,https://cafe.daum.net/woosengzlsamo/FPOz/18
2014-03-30_상강봉.gpx,2014-03-29,0001266,낙동정맥 종주기 ＜18＞ 소호고개-백운산-고헌산-외항재 구간,https://cafe.daum.net/woosengzlsamo/FPOz/18
1낙동정맥/실제/낙동 17차 (단석산)__20140316_0826.gpx,2014-03-15,낙동 17차 (단석산),낙동정맥 종주기 ＜17＞ 당고개-단석산-소호고개 구간,https://cafe.daum.net/woosengzlsamo/FPOz/17
2014-03-13_까치봉.gpx,2014-03-13,0001257,2014년 3월 1차 정기산행 보고서,https://cafe.daum.net/woosengzlsamo/8I5j/326
2014-03-02_낙동.사룡산.gpx,2014-03-02,0001253,낙동정맥 9차-20구간(사룡산)②,https://cafe.daum.net/woosengzlsamo/FPOy/48
1낙동정맥/실제/낙동 16차 (관산)__20140216_0937.gpx,2014-02-16,낙동 16차 (관산),낙동정맥 종주기 ＜16＞ 청석재-관산-형제목장 구간,https://cafe.daum.net/woosengzlsamo/FPOz/16
2014-01-19_낙동.어림산.gpx,2014-01-19,WPT_0001230,낙동정맥 종주기 ＜15＞ 시티-어림산-한마당재 구간,https://cafe.daum.net/woosengzlsamo/FPOz/15
1낙동정맥/실제/낙동 15차 (어림산)__20140119_0859.gpx,2014-01-18,낙동 15차 (어림산),낙동정맥 종주기 ＜15＞ 시티-어림산-한마당재 구간,https://cafe.daum.net/woosengzlsamo/FPOz/15
1낙동정맥/실제/낙동 14차 (도덕산)__20140105_0806.gpx,2014-01-04,낙동 14차 (도덕산),낙동정맥 종주기 ＜14＞ 이리재-도덕산-시티 구간,https://cafe.daum.net/woosengzlsamo/FPOz/14
1낙동정맥/실제/낙동 13차 (운주산)__20131229_0808.gpx,2013-12-28,낙동 13차 (운주산),낙동정맥 종주기 ＜13＞ 한티-운주산-이리재 구간,https://cafe.daum.net/woosengzlsamo/FPOz/13
1낙동정맥/실제/낙동 12차 (태화산)__20131215_0837.gpx,2013-12-14,낙동 12차 (태화산),,
2013-12-07_.두리봉.gpx,2013-12-07,1,,
2013-12-07_두리봉1.gpx,2013-12-07,2,,
1낙동정맥/실제/낙동 11차 (면산)__20131201_0957.gpx,2013-12-01,낙동 11차 (면산),낙동정맥 종주기 ＜11＞ 토산령-면산-석개재 구간,https://cafe.daum.net/woosengzlsamo/FPOz/11
2013-11-22두리봉.gpx,2013-11-22,1234,,
1낙동정맥/실제/낙동 10차 (백병산)__20131111_0952.gpx,2013-11-11,낙동 10차 (백병산),낙동정맥 종주기 ＜10＞ 통리역-백병산-토산령 구간,https://cafe.daum.net/woosengzlsamo/FPOz/10
1낙동정맥/실제/낙동 09차 (유령산)__20131103_1013.gpx,2013-11-03,낙동 09차 (유령산),낙동정맥 종주기 ＜9＞ 삼수령-유령산-통리역 구간,https://cafe.daum.net/woosengzlsamo/FPOz/9
"5백두대간/백두 60차 (땜6, 매요-복성이재)__20130921_0933.gpx",2013-09-21,백두대간 60차 (매요-복성이재),"백두대간 종주기 (60, 땜6) 매요 시리봉 복성이재 구간",https://cafe.daum.net/woosengzlsamo/FPOx/63
2호남정맥/호남17_오도재~석거리재(빈).gpx,2013-08-09,오도치,2013년 8월1차 군위군 한티재 숲속계곡 느티나무골식당에서 닭백숙 파티,https://cafe.daum.net/woosengzlsamo/8I5j/296
1낙동정맥/실제/낙동 08차 (부산)__20130729_0825.gpx,2013-07-28,낙동 08차 (부산),낙동정맥 종주기 ＜8＞ 당고개-비슬기맥 분기봉-아화고개 구간,https://cafe.daum.net/woosengzlsamo/FPOz/8
2호남정맥/호남16_한치~오도치(빈).gpx,2013-07-26,한치,,
2호남정맥/호남13_예재~곰치(빈).gpx,2013-06-21,예재,,
1낙동정맥/실제/낙동 07차 (신불산)__20130616_0935.gpx,2013-06-16,낙동 07차 (신불산),낙동정맥 종주기 ＜7＞ 지경고개-영축산-신불산 구간,https://cafe.daum.net/woosengzlsamo/FPOz/7
1낙동정맥/실제/낙동 20차 (남진 북진 합침)__19700101_0900.gpx,2013-06-16,낙동  20차 (남진 북진 합침),낙동정맥 20차 8구간 (백암산) 산행②,https://cafe.daum.net/woosengzlsamo/FPOy/110
5백두대간/백두 02차 (거림-중산리)__20130616_0400.gpx,2013-06-15,백두 03차 (거림-중산리),백두대간 종주기 (03) (거림 - 칠선봉 - 대성) 구간,https://cafe.daum.net/woosengzlsamo/FPOx/4
2호남정맥/호남12_돗재~예재(빈).gpx,2013-06-07,돗재,,
1낙동정맥/실제/낙동 06차 (정족산)__20130602_1058.gpx,2013-06-02,낙동 06차 (정족산),낙동정맥 종주기 ＜6＞ 주남고개-정족산-지경고개 구간,https://cafe.daum.net/woosengzlsamo/FPOz/6
3금북정맥/금북정맥6구간[각흘고개-차동고개].gpx,2013-05-26,"Lat:36.654353, Lon:126.978137, Ele:378.787598",,
2호남정맥/호남11_어림고개~돗재(빈).gpx,2013-05-24,어림고개,,
2호남정맥/호남15_시목치~한치(빈).gpx,2013-05-10,388,,
1낙동정맥/실제/낙동 05차 (천성산)__20130505_0933.gpx,2013-05-05,낙동 05차 (천성산),낙동정맥 종주기 ＜5＞ 홍룡사-천성산2봉-주남고개 구간,https://cafe.daum.net/woosengzlsamo/FPOz/5
"5백두대간/백두 57차 (땜3, 큰재-지기재)_20130428__20130428_0921.gpx",2013-04-28,백두대간 57차 (큰재-지기재)_20130428,"백두대간 종주기 ＜57, 땜3＞ 큰재-백학산-지기재 구간",https://cafe.daum.net/woosengzlsamo/FPOx/60
2호남정맥/호남10_유둔재~어림재(빈).gpx,2013-04-26,유둔재,진도 바닷길,https://cafe.daum.net/woosengzlsamo/8I5j/280
2호남정맥/호남09_과치재~유둔재(빈).gpx,2013-04-12,330,노스페이스 거제도 대금산 정기 산행,https://cafe.daum.net/woosengzlsamo/8I5j/276
달성보녹색길/달성보녹색길 전구간__20130409_1020.gpx,2013-04-09,달성보녹색길 전구간,,
1낙동정맥/실제/낙동 04차 (운봉산)__20130407_0947.gpx,2013-04-07,낙동 04차 (천생산),낙동정맥 종주기 ＜4＞ 지경고개-운봉산-원효암-홍룡사 구간,https://cafe.daum.net/woosengzlsamo/FPOz/4
1낙동정맥/실제/낙동 03차 (금정산)__20130331_0948.gpx,2013-03-31,낙동 03차 (금정산),낙동정맥 종주기 ＜3＞ 산성고개-고당봉-지경고개 구간,https://cafe.daum.net/woosengzlsamo/FPOz/3
2호남정맥/호남08_평찬삼거리~과치재(빈).gpx,2013-03-22,장안리,,
1낙동정맥/실제/낙동 02차 (백양산)__20130317_0921.gpx,2013-03-17,낙동 02차 (대티-개금),낙동정맥 종주기 ＜2＞ 개금고개-백양산-산성고개 구간,https://cafe.daum.net/woosengzlsamo/FPOz/2
"5백두대간/백두 56차 (땜2, 도래기재-생달리) _20130309__20130309_1020.gpx",2013-03-09,백두대간 56차 _20130309,"백두대간 종주기 (56, 땜2) 도래기재 선달산 생달리 구간",https://cafe.daum.net/woosengzlsamo/FPOx/59
2호남정맥/호남07_천치재~평찬삼거리(빈).gpx,2013-03-08,천치재,,
1낙동정맥/실제/낙동 01차 (몰운대)__20130303_0931.gpx,2013-03-03,낙동 01차_대티-몰운대,낙동정맥 종주기 ＜1＞ 몰운대 - 구덕산 - 개금고개 구간,https://cafe.daum.net/woosengzlsamo/FPOz/1
2호남정맥/호남06_굴재~천치재(빈).gpx,2013-02-22,감상굴재,2월 2차 정기산생 운문산 스켓치,https://cafe.daum.net/woosengzlsamo/8I5j/271
5백두대간/백두 31차 (하늘재-부리기재)__20130126_1005.gpx,2013-01-26,백두 31차 (하늘재-부리기재),백두대간 종주기 (31) 하늘재 포암산 부리기재 구간,https://cafe.daum.net/woosengzlsamo/FPOx/34
2호남정맥/호남05_감상굴재~추령(빈).gpx,2013-01-25,감상굴재,,
2호남정맥/호남04_구절재~추령(빈).gpx,2013-01-11,구절재,이기대 갈맷길,https://cafe.daum.net/woosengzlsamo/8I5j/265
2호남정맥/호남03_염암재~구절재(빈).gpx,2012-12-21,염암재,,
3금북정맥/금북정맥16구간[근흥중학교-안흥진].gpx,2012-12-09,007,경남 거창 &#39;의상봉&#39; 설경에 반하다 (2012.12.08)-＜1＞,https://cafe.daum.net/woosengzlsamo/8I5j/260
3금북정맥/금북정맥15구간[모래기재-근흥중학교].gpx,2012-11-25,42봉,,
2호남정맥/호남02_슬치~염암재(빈).gpx,2012-11-23,슬치,&#39;우즐모&#39; 11월 2차정기산행 - 울진 백암산(2012.11.22 ),https://cafe.daum.net/woosengzlsamo/8I5j/258
3금북정맥/금북정맥14구간[윗갈치-모래기재].gpx,2012-11-11,134봉[산판도사거리],,
2호남정맥/호남01_주화산~슬재(빈).gpx,2012-11-09,모래재,11월 &#39;우즐모&#39;1차정기산행 (2012.11.08 ) - 만추의 단풍길,https://cafe.daum.net/woosengzlsamo/8I5j/250
3금북정맥/금북정맥13구간[가루고개-윗갈치고개].gpx,2012-10-28,114봉[삼각점],,
1낙동정맥/실제/낙동 29 (갓바위산)__20121021_1647.gpx,2012-10-21,낙동 29 (갓바위산),낙동정맥 종주기 ＜29＞ 황장재-대둔산-피나무재 구간,https://cafe.daum.net/woosengzlsamo/FPOz/29
3금북정맥/금북정맥12구간[나본들고개-가루고개].gpx,2012-10-14,206봉,설악산 &#39;흘림골&#39;의 단풍 스케치 (2012.10.13 ),https://cafe.daum.net/woosengzlsamo/8I5j/246
3금북정맥/금북정맥11구간[꽃조개-나본들고개].gpx,2012-09-23,01-06팻말[우직진],,
불갑산__20120919_1110.gpx,2012-09-19,불갑산,,
3금북정맥/금북정맥10구간[휴양림-꽃조개고개].gpx,2012-09-09,113봉,,
3금북정맥/금북정맥9구간[공덕재-오서산휴양림].gpx,2012-08-26,287봉,,
3금북정맥/금북정맥8구간[와고개-공덕재].gpx,2012-08-12,225봉,,
3금북정맥/금북정맥7구간[차동고개-학고개].gpx,2012-07-29,350봉,,
3금북정맥/금북정맥5구간[차령고개-각흘고개].gpx,2012-07-08,311봉[삼각점],,
5백두대간/백두 27차 (어천-밤머리재)_웅석지맥1__20120708_1711.gpx,2012-07-08,백두 27차 (어천-밤머리재)_웅석지맥1,백두대간 종주기 (27) 어천 - 웅석봉 - 밤머리재 구간,https://cafe.daum.net/woosengzlsamo/FPOx/30
3금북정맥/금북정맥4구간[고등고개-차령고개].gpx,2012-06-24,340봉,,
5백두대간/백두 52차 (미시-마등)__20120617_0306.gpx,2012-06-16,백두 52차 (미시-마등),백두대간 종주기 (52) 미시령 황철봉 마등령 구간,https://cafe.daum.net/woosengzlsamo/FPOx/55
3금북정맥/금북정맥3구간[각원사-고등고개].gpx,2012-06-10,691번도로,,
5백두대간/백두 51차 (조침령-오색)__20120603_0255.gpx,2012-06-02,백두 51차 (조침령-오색),백두대간 종주기 (51) 조침령 점봉산 한계령 구간,https://cafe.daum.net/woosengzlsamo/FPOx/54
3금북정맥/금북정맥2구간[배티고개-각원사].gpx,2012-05-27,390봉,,
3금북정맥/금북정맥1구간[칠장사-베티고개].gpx,2012-05-13,3정맥분긱점,,
5백두대간/백두 49차 (구룡-진고개)__20120506_0400.gpx,2012-05-05,백두대간 49 (구룡-진고개),백두대간 종주기 (49) 구룡령 응복산 진고개 구간,https://cafe.daum.net/woosengzlsamo/FPOx/52
3한남금북/한남금북+10차+수레티고개-칠장산.gpx,2012-04-22,257봉,,
5백두대간/백두 47차 (두타-청옥)__20120415_0325.gpx,2012-04-14,백두대간 47 (두타-청옥),백두대간 종주기 (47) 댓재 두타산 청옥산 이기령 구간,https://cafe.daum.net/woosengzlsamo/FPOx/50
3한남금북/한남금북+9차+바리고개-수레티고개.gpx,2012-04-08,173봉,,
3한남금북/한남금북+8차+돌고개-바리고개.gpx,2012-03-25,280봉,,
3한남금북/한남금북+7차+모래재-돌고개.gpx,2012-03-11,262봉,&#39;우즐모&#39; 3월 특별산행 : 사량도(하도) 칠현산 (349m),https://cafe.daum.net/woosengzlsamo/8I5j/222
3한남금북/한남금북+6차+이티재-모래재.gpx,2012-02-26,350봉[삼각점],대자연이 의사라기에,https://cafe.daum.net/woosengzlsamo/8I5j/219
3한남금북/한남금북+4차+쌍암재-수레너미재.gpx,2012-01-29,410봉,,
3한남금북/한남금북+3차+작은구티재-쌍암재.gpx,2012-01-08,424봉,우면산 산사태 현장,https://cafe.daum.net/woosengzlsamo/8I5j/204
3한남금북/한남금북+2차+말티재-작은구티재.gpx,2011-12-25,355봉,,
3한남금북/한남금북1차+윗대목리-말티고개.gpx,2011-12-11,487봉[헬기장],,
2호남정맥/호남22_토끼재~외망포구(빈).gpx,2011-10-01,토끼재   .,,
2호남정맥/호남21_참새미재~토끼재(빈).gpx,2011-09-17,논실     .,,
2호남정맥/호남20_송치재~참새미재(빈).gpx,2011-09-03,송치재  .,,
5백두대간/백두 01차 (복성이재-중재)__20101226_1042.gpx,2010-12-26,백두 01차 (복성이재-중재),백두대간 종주기 (01) (복성이재 - 봉화산 - 중재) 구간,https://cafe.daum.net/woosengzlsamo/FPOx/2
1낙동정맥/실제/낙동 22차 (통고산)__20101024_1042.gpx,2010-10-24,낙동 22차 (통고산),,
2금남정맥/금남정맥8차+진고개-구드레나루터.gpx,2010-10-17,120봉,,
2금남정맥/금남정맥7차+윗장고개-진고개.gpx,2010-10-03,142봉,,
5백두대간/백두 11차 (덕산-삼마골재)__20100918_0650.gpx,2010-09-17,백두 11차 (덕산-삼마골재),백두대간 종주기 (11) 덕산재 - 삼도봉 - 삼마골재 구간,https://cafe.daum.net/woosengzlsamo/FPOx/13
2금남정맥/금남정맥6차+윗장고개-양정고개.gpx,2010-09-04,269봉,,
2금남정맥/금남정맥5차+물한재-양정고개.gpx,2010-08-15,248봉[삼각점:공주457],삼척덕항산(2010.8.14),https://cafe.daum.net/woosengzlsamo/8I5j/102
2금남정맥/금남정맥4차+배티재-물한재.gpx,2010-08-01,399봉,,
2금남정맥/금남정맥3차+육백령-배티재.gpx,2010-07-18,413봉,,
2금남정맥/금남정맥2차+피암목재-육백령.gpx,2010-06-20,570봉,,
5백두대간/백두 25차 (버리미기-지름티재)__20100620_1733.gpx,2010-06-20,백두 25차 (버리미기-지름티재),백두대간 종주기 (25) 버리미기재 - 장성봉 - 은티 구간,https://cafe.daum.net/woosengzlsamo/FPOx/28
1낙동정맥/실제/낙동 19차 (가지산)__20100613_0930.gpx,2010-06-13,낙동 19차 (가지산),,
2금남정맥/금남정맥1차+모래재-피암목재.gpx,2010-06-06,655봉,,
4낙남정맥/실제/낙남 13차 (말티-신풍)_20100418_0751.gpx,2010-04-17,낙남13차(마재-신풍고개),낙남정간 종주기 (13) 마재 ~ 천주산 ~ 신풍고개,https://cafe.daum.net/woosengzlsamo/FPP9/13
3금북정맥/금북07 곡두-차령.gpx,2010-04-16,곡두-차령,,
12성문종주.gpx,2009-10-03,01주차장,,
3한남정맥/실제/한남 08차 (목감초-영고개)__20081123_0826.gpx,2008-11-22,한남 08차,한남정맥 종주기 (08) 목감초 - 운흥산 - 여우고개 구간,https://cafe.daum.net/woosengzlsamo/FPP8/9
2호남정맥/호남14(곰치~시목치).gpx,2006-07-15,용두산,,
2호남정맥/호남19(접재~송치).gpx,2006-04-15,접치    .,,
2호남정맥/호남18(석거리재~접재).gpx,,석거리재,,
대구골목투어/대구_중구_골목투어_1코스_경상감영달성길.gpx,,12701(재보정),,
대구골목투어/대구_중구_골목투어_2코스_근대문화골목.gpx,,12702(재보정),,
